ham,خواهش می کنم
ham,💋💋💋
ham,مشترک گرامی با مراجعه به سایت www mobilecount cra ir میتوانید از تعداد خطوط تلفن همراه بنام خود مطلع گردید  شرکت مخابرات استان فارس
ham,💋💋😉😉
ham,سلام خانم دکتر من امروز واستان نصب کردم  اگر خواستید پیامکهای تبلیغی بفرستید می توانید از این طریق ارسال کنید  ممنون
ham,سلام آقای مهندس  ممنونم که اطلاع دادید  چشم، حتما  بقیه پیامکها رو اینجا براتون میفرستم
ham,منظورم واتساپ بود 
ham,بله، متوجه شدم
ham,😊
ham,ببخشید فقط بخاطر این بود که نمی خواستم هزینه ای اضافی بر شما تحمیل بشه  باز متشکرم 
ham,خواهش میکنم  ممنونم، لطف دارین
ham,ممنون خانم دکتر 
ham,خواهش میکنم  کاری نکردم
ham,سلام خانم دکتر ممنون میشم اگه به حریم خصوصی کسی آسیب نمیرسونه برای غنای بیشتر محتوایی تعدادی هم پیامک غیر تبلیغاتی ارسال کنید  باز از لطف شما متشکرم
ham,سلام  وقتتون بخیر  باشه، چشم، حتما
ham,سلام استاد    بی زحمت موضوعات رو ممکنه الان بفرستید برام     چون الان اینترنت دستمه
ham,سلام آقای مهندس  من موضوعات رو براتون ایمیل کردم  هر وقت به اینترنت دسترسی داشتین، لطفا ایمیلتون رو چک بفرمایید  متشکرم
ham,سلام استاد متاسفانه ایمیلتون به دستم نرسیده   اگه ممکنه به هر دو تا ایمیلم مجددا ارسال کنید   هم یاهو هم جی میل   ممنونم
ham,خب من امروز بیرون کار دارم در تمام نقاط شهر اگه مسئله ای نیست شما آدرس بدید من بیام خدمتتون  چون امانتی باید زودتر برسه به دستتون 
ham,سلام آقای مهندس  وقتتون بخیر  برنامه من منوط به برنامه پزشک و آزمایشگاه مادرم هست  هر زمانی که شد، خودم مزاحمتون میشم  آدرس بدید میرسم خدمتتون  دیگه بیشتر از این شرمنده تون نشم
ham,سلام  وقتتون بخیر  کامنتها رو براتون فرستادم  تا جاییکه می توانید لطفا آنها را اعمال کنید  لطفا موارد هایلایت شده را تغییر ندهید  متشکرم 
ham,سلام خوبي؟ استاد فرم هاي بچه هايي كه شما مسئول كارآموزيشون هستيد رو دادن به من  هر وقت تشريف آورديد تهران بگيد كه من براتون بيارم
ham,سلام  از شنیدن خبر فوت یکی از فامیلهاتون خیلی ناراحت شدم  خدا به شما و خانواده اش صبر بده و ایشون رو رحمت کنه
ham,سلام ممنون سلامت باشی خدارفتگانتونوبیامرزه والا اتفاق خیلی تلخ وغم انگیزی بود همه روشوکه کرد '(
ham,روز دختر را تبریک می گویم  آرزومندم شرایط جامعه و رفتار مردم به گونه ای باشد که  دختران ما به دلیل دختر بودن از آن چه که شایسته آن هستند، محروم نشوند 
ham,ممنون عالیه
ham,خواهش میکنم
ham, نوبت شما براي دکترمهرداد شمشيري ثبت شد  تاريخ مراجعه 1396/04/21  ساعت حضور پزشک  0800 ساعت حضور شما الزاما یک ساعت قبل از حضور پزشک با کارت شناسایی معتبر، در غیر این صورت نوبت باطل است بيمارستان دكتر خدادوست
ham,دکتر بسیار سپاسگذارم 
ham,خواهش میکنم
ham,سلام خیلی ممنون دست شما درد نکنه، بسیار مفید بود  جسارتا من شماره شما رو ذخیره ندارم ممنون می‌شم خودتون رو هم معرفی نمایید  باز از لطف شما متشکرم 
ham,سلام جناب مهندس، مژده رحمانیان هستم   شرمنده که فراموش کرده بودم براتون بفرستم    این شماره روی تبلتم هست و از زیاد خطش استفاده نمیکنم  ولی پیامک تبلیغاتی زیاد داره!
ham,سلام خانم مهندس، ببخشید بجا نیاوردم  از لطف شما بسیار سپاسگذارم  خیلی عالی بود  ممنون می‌شم اگه به حریم خصوصی کسی آسیب نمیرسونه برای غنای بیشتر محتوایی پیامک‌هایی هم که تبلیغاتی نیستند برای من ارسال نمایید  باز از لطف شما متشکرم 
ham,خواهش میکنم    حتما براتون میفرستم 
ham,موفق باشید 
ham,لطفا هر زمانی که نیاز نیست بفرمایید تا مثل این پیامهای مزاحم من هم مزاحم شما نشم😅
ham,سلام خیلی از لطف شما متشکرم   چون ارسال این پیامک ها برای من برای شما هزینه دارد  فعلا کافیه  دارم یه اپ می نویسم که کار راحتتر بشه  باز از لطف شما متشکر 
ham,سلام آقای مهندس  وقتتون بخیر  ببخشید الان پیامکتون رو دیدم  خواهش میکنم  هزینه اش که زیاد نیست  منم چندتا پیامک بیشتر براتون نفرستادم  کلا قابل شما رو نداره
ham,سلام ارسال کردم 
ham,مرسی
ham,سلام استاد بیدارین؟
ham,سلام ب یاری خدا فیچرها تموم شد
ham,سلام استاد فردا میتونید توی اسکایپ الگوریتم رو توضیح بدین من این هفته کار رو تموم کنم؟
ham,سلام من تا آخر شب فردا به اینترنت دسترسی ندارم
ham,سلام استاد فردا میتونید برا الگوریتم توضیحات بدین
ham,سلام فرمول درصدها رو نفرستادین
ham,سلام دکتر روز بخیر، توانستید با دکتر حمزه هماهنگ کنید؟ نتیجه بخش بود؟
ham,سلام باشه حتما
ham,سلام خوبی آدرس صدرا فاز دو فلکه ارتش بلوار ارتش وقتی رسیدی زنگ بزن میام بیرون تا ببینیم
ham,سلام، آقای رحمانیان داکیومنت رو چند وقت پیش فرستادم تلگرامتون ظاهرا ندیدید  لطفا بررسی کنید اگر مشکلی داره اعلام کنید، چون ممکنه برنامه اعزام به خدمت داشته باشم نتونم چند ماه داکیومنت رو پیگیری کنم/ممنون
ham,مشترک گرامی،درخواست خرید بسته اینترنتی شما ثبت شد،و پس از فعال سازی از طریق پیامک به اطلاع شما خواهد رسید 
ham,سلام مبلغ 177هزار تومان به حساب شما واریز شد  موفق باشید 
ham,سلام علیکم  قابلی نداشت  ممنون از حضرتعالی 
ham,سلام خانم مهندس به گمانم فراموش کردید ایمیلتون رو برای من ارسال کنید  ممنون میشم ایمیل به همراه لیست اطلاعاتی که لازم هست به آدرس زیر ارسال کنید rahmanian@jahrom ac ir ممنون
ham,سلام  وقتتان بخیر  ببخشید من ماموریت بودم  الان ارسال کردم چک میل بفرمایید
ham,جناب مهندس این آدرس ایمیل برگشت میخورد  یک آدرس دیگر را ارسال میفرمایید
ham,سلام ظهر فرستادم  با تلگرام
ham,مشتری گرامی شما در1396/05/04 ساعت1043 وارد اینترنت بانک تجارت شده اید
ham,سلام پدر آقای دولتخواه کسالت قلبی داشتند در صورت صلاحدید و امکان احوالپرسی فرمایید متشکر
ham,ممنون از اطلاع رسانی شما
ham,سلام شوهر خواهرش همکار خوبمان اقای اسماعیل صادقی فوت کرده مراسم مسجد الغدیر امروز عصرهست
ham,ممنون از لطف شما خدا خیرتون بده 
ham,احتمالا اگرجورشد یک رونمایی کوچک هم برات ن میگیریم ان شااله
ham,سلام متنش نوشته ام جلد هم اسکن شده اماده هست گذاشته میشود حتما شما نمونه ای حتی اخدش من نوشتم کتاب به پدر شهیدتان تقدیم کرده اید روحش شاد ان شااله
ham,سلام لطفا دستور فرمایید تبلیغ کتاب اینجانب نیز در سایت دانشگاه قرار گیرد  با تشکر رحمانیان
ham,بِسْمِ اللَّهِ الرَّحْمَنِ الرَّحِیمِ الْحَمْدُ لِلَّهِ الَّذِی جَعَلَنَا مِنَ الْمُتَمَسِّکِینَ بِوِلاَیَةِ أَمِیرِ الْمُؤْمِنِینَ عَلیِّ بنِ أَبِی طالِب وَ الْأَئِمَّةِ علیه و عَلَیْهِمُ السَّلاَمُ  سلام‌  بسم الله الرحمن الرحیم سلام علیکم این عید سعید برشما وخانواده محترم مبارک باد با دعای خیر صلوات التماس دعا ارادتمند
ham,سلام با عرض پوزش که مزاحم شدم  متاسفانه مادرخانم دوست و همکار بسیار خوبمان آقای مهندس بهمن زادگان فوت شدند و امروز جمعه ساعت چهار و نیم تا شش و نیم در مسجدالزهرا شهرک انقلاب مراسم ختم و ترحیم برقرار هست التماس دعا صلوات
ham,سلام زحمت ارسال فرم نحوه امتیاز دهی به همراه توضیحات رو کشیدید؟ ممنون
ham,سلام بله ارسال شد
ham,ممنون
ham,سلام ارسال کردم  اگر نرسیده خبرم کن  ممنون
ham,سلام استاد وقت بخیر من گزارش کارم رو مرداد ماه براتون فرستادم اما متاسفانه هنوز بررسی نکردید برای قدم های بعدی پروژه منتظر پیامتون هستم متشکرم
ham,سلام استاد ميشه لطفا جواب پیام هارو بديد؟
ham,سلام استاد،وقتتون بخیر استاد اگه امکانش هست و فردا دانشگاه تشریف دارید سوال درس کامپایلر هم طراحی کنید ،استاد پارسه فردا ساعت ده رو تعیین کردن برا امتحان درس هوش مصنوعی،شما هم اگه لطف کنید فردا امتحان کامپایلر از من بگیرید ممنون میشم، ،عذرا ذنوبی شاد
ham,مشترک گرامي زمان استفاده شما از هديه تولدتان به پايان رسيده و نرخ تعرفه عادي مکالمه براي شما فعال شده است  همراه اول، همراه لحظه هاي خوش شما
ham,مشترک گرامي هديه تولد شما، بسته 24 ساعت مکالمه رايگان درون شبکه فعال شد و تا تاريخ 1396/06/31 ساعت 085802 معتبر مي باشد  همراه اول، همراه لحظه هاي خوش شما
ham,آقاي محسن رحمانيان تولدتان مبارک! هديه همراه اول براي روز تولد شما 24 ساعت مکالمه رايگان درون شبکه! براي دريافت هديه خود عدد 411 را به شماره 10 پيامک کنيد و يا کد #411*10* را شماره گيري نماييد 
ham,قبض شما با موفقيت پرداخت گرديد هر خريد از #1*   يک شانس شرکت در قرعه کشي ماهيانه پژو 206
ham,مشترک گرامي، هديه شتاب در پرداخت قبض به پايان رسيد و از اين پس مکالمات شما با نرخ عادي محاسبه مي شود 
ham,مشتري گرامي با آرزوي سعادت و سلامتي براي شما در سالروز تولدتان بانک ملت
ham,استاد پروژه بنده که برای ترم تابستان بوده تا کی میتونم دفاع کنم؟
ham,سلام استاد وقت بخیر ،جسارتا من بابت پروژه مزاحم شدم،اگر امکان داد لطفا برای پروژه راهنمایی کنید،ممنون
ham,سلام از مسافرت برگردم بررسی می کنم 
ham,سلام استاد عصر بخیر ،ببخشید من بابت پروژه مزاحم شدم قرار بود پروژه من را برسی کنید ،ممنون میشم اگر راهنمایی کنید
ham,سلام استاد وقت بخیر ،جسارتا امکان دارد یک وقت تماس به من بدید؟ ممنون
ham,سلام جوملا Joomla
ham,سلام آقا محسن خوب هستی؟ میگم اسم این نرم افزار که باش وب سایت طراحی میکردی چی بود؟
ham,من تو آرایشگاه هستم بعدش بت زنگ میزنم
ham,سلام ممنون از پیگیری ها دستت درد نکنه
ham,سلام پرسیدم  بهم گفتند به خیلی چیزها بستگی داره  بسته به آپشن ها از لحاظ زمانی بین یک تا دوماه واز لحاظ مالی بین دو تا پنج میلیون هزینه داره  موفق باشید
ham,سلام تلگرام چک کنید
ham,سلام تلگرام چک‌کنین
ham,سلام انشاءالله یکشنبه دانشگاه میبینم  شما رو 
ham,سلام اومدین جهرم؟
ham,ب موقعیت جغرافیایی دانشگاه توجه بفرمایید
ham,دانشگاه اگ سرویس بود میشه کاریش کرد
ham,سلام انشاءالله آخر هفته آینده  شنبه بعدش من دانشگاهم بیا پیشم 
ham,سلام استاد آن شاالله تا کی جهرم هستین
ham,سلام در مسافرتم هنوز اینترنت ندارم 
ham,سلام استاد مقالات رو نفرستادین
ham,سلام استاد مقاله ها رو بفرستین ک سریعتر ترجمه اش کنم
ham,سلام استاد من تا آخر هفته باید برم تا اصفهان و برگردم ی مشکلی برا رآکتور آب جوششون پیش اومده باید برم ی نگاهی بهش بکنم بیام
ham,سلام آخر شب آنلاین میشین من ی سوالی بپرسم
ham,سلام هستین ؟
ham,😐روش نمک باید استفاده شود
ham,مهمون ها هنوز نرفتن 
ham,استاد کی میاین؟
ham,تحریم های ایران هردفعه داره تمدید میشه  من تازه میخواهم یکم استراحت کنم  On شدم خبرت میکنم 
ham,استاد ی ساعت شد
ham,امشب میاین تلگرام
ham,استاد چک کنید فرستادم
ham,سلام شانس ماس
ham,کلا شبکه اینترنت ما قطع شده  (ایرانسل و td-lte )  😠 درست گفتی کدت هم خیلی دردسر داره برا اجرا 😅
ham,سلام استاد کی میاین برا اتمام پروژه ،
ham,سلام استاد پارامترهای svm باید چی بذارم
ham,سلام استاد بهترین الحمدلله؟
ham,سلام عکس یادت نرود  صادقی
ham,مشترک گرامی در تاریخ 1396/6/25 سیم‌ کارت ثبت‌ شده شما به شماره  09177924643  در اپراتور همراه اول تعویض گردیده است  در صورت وجود مغایرت به اپراتور مذکور مراجعه فرمایید 
ham,مشترک گرامي، با عنايت به حضور شما در دفتر خدماتي فارس در تاريخ 1396/06/25 ساعت 193857 درخواست عدم اطلاع از رمز دوم براي شما ثبت گرديد 
ham,سلام به  اهل بیت اگرامکانش هست براتون امشب بریم خونه سوسن هرچه زودترپیام بدین باتشکر 
ham,سلام ما الان خونه سوسنیم 
ham,Mohsen Rahmanian [25 09 17 1743] سلام استاد میتونم تماس بگیرم خدمتتون؟ در رابطه با درس پروژه
ham,فرمای کارآموزیمونو کی باید تحویلتون بدیم استاد
ham,سلام استاد  رهايي هستم ميتونم چند لحظه وقتتونو بگيرم؟
ham,بي زحمت يه لطفي كنيد هروقت پياممو ديديد يه جواب بدين تا من باهاتون تماس بگيرم   ممنون
ham,سلام مهندس رحمانیان، رامین قاسمی ام واستون ۲روز پیش ایمیل زدم،لطفا ایمیلتون رو چک کنین باتشکر
ham,سلام مهندس جان روز بخیر  بی زحمت ادرس جی میل یا ایمیل رو برام بفرستین تا چند مقاله و کد رو براتون بفرستم مخلصیم رستگار
ham,اوکی
ham,با کارشناس هماهنگ کنید  کارنامه رو دیدم برای اون موضوع مشکلی نیست فقط یکم باید بیشتر تلاش کنید 
ham,استاد تو لیست انتخاب واحد برای من نیومده   
ham,ارائه شده 
ham,استاد میگم مگه پیشرفته ای ترم ارائه نمیشه   
ham,شماره دانشجویی شما چنده؟
ham,سلام استاد گفته بودین صبح بهتون خبر بدم تا اول یه نگاهی به کارنامم بندازین
ham,سلام خوبي؟ مصلي نژاد هستم، چه ساعتي تماس بگيرم؟ ممنون
ham,سلام وقت بخیر من یکی از دانشجویان شما هستم که  برای ترم بهمن میخواستم  باهاتون پروژه بردارم،موضوع پروژه رو برام انتخاب کردین ولی هنوز درس پروژه رو نگرفتم میخواستم اگه میشه برای ترم مهر همون پروژه باهاتون بردارم روی پروژه ام یه مقداری کار کردم ولی هنوز کامل نشده چند باری بهتون ایمیل زدم ولی انگار بدستتون نرسیده بود اگه امکان داره جواب پیاممو بدین   ممنونم
ham,مشترک عزیز لطفا توجه داشته باشید که برای دریافت هدایا، جوایز قرعه کشی و    به هیچ وجه نیازی به مراجعه به عابربانک و وارد نمودن اطلاعات کارت بانکی ندارید  مراقب سواستفاده کلاهبرداران وسودجویان باشید 
ham,سلام عزیزم لطفا تخم مرغ و5-6تا گوجه اگه تونستی بخر ممنونم
ham,سلام من الان دانشگاه هستم هر موقع تشریف آوردید خبر بدید برسم خدمتتون 
ham,ما که چاره ای جز اینکه بگیم خیره نداریم  😔
ham,سلام خیره بله میام دانشگاه ساعت 9 دانشگاهم 
ham,خیره عامو صبرم بده بقول شیرازیا فرداهستی ببینمت؟
ham,سلام دکتر انگار خبری نشد  تصمیمی گرفتید؟ امتیازها به حدنصاب مورد نظر رسید؟ لطفا خبرم کنید چون خیلی نگرانم و فکرم رو مشغول کرده  از کار و زندگی افتادم به خدا  ممنون که به پیغام هام توجه می کنید 
ham,سلام ممنون میشم هروقت امتیازها مشخص شد من رو در جریان بذارید  باز متشکرم
ham,ظاهرا کل داوری ها۵امتیازداره
ham,سلام از بند سه تعدادی هم داوری اختراع داشتم که انشاءالله لحاظ شود  ممنون
ham,سلام امروزیافردا بادکترحمزه جلسه دارم
ham,سلام دکتر صبح آمدم دفتر معاونت تشریف نداشتید  خواستم پیگیری وضعیت خودم کنم  چون دیگه خیلی وقتی نمانده برای امسال  ممنون
ham,سلام ممنون خدا خیرتون بده 
ham,سلام من امشب رسیدم شیراز فردامیرم پیداش میکنم
ham,سلام دکتر خبری از دکتر حمزه نشد؟
ham,سلام نه هنوز فعلا من بادکترحمزه داریم قایم موشک بازی می‌کنیم من آمدم تهران،براش کارپیش آمدرفته شیراز،فرستادم براش شیراز،برگشت تهران عجله نکن بگذار برگردم ایشالا حلش میکنیم نگران نباش
ham,سلام دکتر خواستم پیگیری کنم ببینم دکتر حمزه جواب دادند  اگر مشکلی پیش آمده بهم بگید من دیگه به خبرای بد عادت کردم  ممنون
ham,سلام دکتر خواستم پیگیری کنم ببینم دکتر حمزه جواب دادند  ممنون
ham,من خودم بیشتر ازشما می‌خوام که بشه و بیشترضررنکنی نگران نباش حاج محسن
ham,یه دنیا ممنون  خدا خیرتون بده 
ham,سلام منم ظهربرای دکترحمزه فرستادم بهش گفتم تاآخرهفته جوابم بده
ham,سلام آقا قناعتیان گفتند که اطلاعات درخواستی رو برای شما ارسال کردند  ممنون میشم یه بررسی بفرمایید  متشکر
ham,اختیارداری وظیفه اس خداکنه که بشه و شما هم راحت بشی
ham,سلام ممنون از پیگیری شما  انشاءالله بتونم جبران کنم 
ham,سلام دکترجدول توزیع امتیازات را میخواست من ندارم قرارشدقناعتیان برام شنبه بفرسته تا برای دکتر بفرستم
ham,سلام دکتر روز بخیر، توانستید با دکتر حمزه هماهنگ کنید؟ نتیجه بخش بود؟
ham,به امید خدا
ham,سلام انشالله چارشنبه که اسکندری هم بیاد
ham,بیمه شده گرامی شرکت سهامی بیمه ایران، طبق پرونده خسارت درمان شماره 1396/179/8191/11249 چک به مبلغ 2572160 ریال به نام محسن رحمانیان در تاریخ 1396/05/29 صادر گردید #HB03
ham,بیمه شده گرامی شرکت سهامی بیمه ایران، طبق پرونده خسارت درمان شماره 1396/179/8191/10832 چک به مبلغ 140000 ریال به نام محسن رحمانیان در تاریخ 1396/05/10 صادر گردید #HB03
ham,داوطلب گرامی، نتایج نهایی پذیرفته شدگان آزمون دکتری سال 1396 در سایت این سازمان در دسترس قرار گرفته؛ لازم است برای اطلاع از تاریخ، نحوه و مدارک لازم برای ثبت نام به اطلاعیه مندرج در سایت مذکور مراجعه نمایید  سازمان سنجش آموزش کشور
ham,پیام صوتی جدید ازشماره9178408678دریافت شد لطفا با شماره 09912  جهت شنیدن پیام تماس بگیرید
ham,یخ و فرش بی زخمت فراموش نشه
ham,سلام  اره  ساعت حدود 8 شهربازی
ham,سلام برنامه امشب به راهه؟ ساعت چند و کجا؟
ham,سلام ارسال گردید لطفا تایید بفرمایید
ham,سلام خانم دکتر آمدم دفتر تشریف نداشتید  انشاءالله فرصتی دیگر
ham,سلام  من مرخصی هستم  از یکم یه سری میزنم چه خبر از هوشمند سازی؟
ham,دخملا اتومات ویار دارن جوجو ک باشه یکم شدیدمند میشه
ham,داداش شرمنده اینجا مهمون اومده شما جای ما هم خوش بگذرونید
ham,اره اشکالی نداره    اگه میخوای منو مامانم وتو میتونیم بیرم
ham,رفت حاجی به طواف کعبه و باز آمد ما به قربان تو رفتیم و همانجا ماندیم عیدت مباااارک جانم!
ham,خیلی داغون بودم حسابی چسبید ایشالله واست جبران کنم عزیزم
ham,اوکی خوبه حرم رفتی منم دعا کن اصلا اس بده خودم بزنگم گوشیتو بگیر رو به ضریح اوکی؟پلیز؟؟
ham,فقط محض اینکه شاید امروز کسی بهت نگفته باشه من بهت میگم که خیلی خوبی
ham,لا اله الا الله داعشق عشق بی رحمتر از داعش و تکفیری است   
ham,کسی که لبخندی همیشگی در چهره اش وجود دارد میخواهد یک مشکل تقریبا وحشتناک را پنهان کند 
ham,شیرجه های نرفته گاهی کوفتگی های عجیبی برجای میگذارند 
ham,امروز ساعت شش و سی و دو دقیقه ی بعدازظهر نشست مقابلم بر نیمکتی سنگی در نقطه ای گنگ از شهری غریب و ناگهان چندبار شلیک کرد توی سینه ام آه با چشم هایش!
ham,جهنم جای کسانی است که فهمیدند دوستشان داریم و رفتند مابقی را خداوند می بخشد!
ham,کوچیک بودیم بزرگترا ازدواج میکردن بزرگ شدیم کوچیکا ازدواج میکنن ما هم ففط بهر تماشای جهان اومدیم!
ham,بی عصا به آب خواهم زد    موسی اگر ایمان داشت من امید دارم!
ham,دو عدد پا و کمی شهر و قدم های خیال تا خود صبح به دنبال توام کاش خیابان باشد   
ham,همیشه بین عقل و عشق یکی همدست آدم نیست از عشق همینو میدونم که هیچوقت دست آدم نیست
ham,سلام خیلی ببخشید اسماتون بامهدی مثل همه اشتب شد
ham,سلام عزیزم خوبی من برم حموم یه دوش بگیرموبیام نفسی
ham,ممنون ازاون روسریام که گفتم یدونه خشکلشو گیرتون اومد بگیرید مرسی
ham,سلام داداش کیبرد از ۱۷ تا ۷۰ تومن هست من دیگه نمیرم مغازه، سرم شلوغه اگه خاستی برو
ham,قربونت  داش خيلى مردى بعدها جبران ميكنم برات -)
ham,از روی فیسبوک میشه دوباره کلش رو نصب کنم؟
ham,راستی برای وایبر صفر اول شمارمو بزنم یا فقط شماره خالی میخواد؟
ham,عید آمدو خنده به لبان شد / در ساز دلم شاد و روان شد  مستانه زدم سوی تو آهنگ / دوستانه دلم به آسمان شد        عید فطر مبارک
ham,فک کنم ۲۴ تا شد استاد
ham,سلام بهتری؟ چون ظرفیتش داره پر میشه گفتم زودتر خبرت بدم 
ham,ﺁﺩﻣﯽ ﮐﻪ ﻧﺎﻏﺎﻓﻞ ﻣﯽﺯﻧﺪ ﺯﯾﺮ ﮔﺮﯾﻪ، ﻣﻄﻤﺌﻦ ﺑﺎﺷﯿﺪ ﮐﻪ ﺍﺯ ﻣﺪﺕﻫﺎ ﻗﺒﻞ ﯾﮏ ﺑﻐﺾِ ﺳﻨﮕﯿﻦ ﺭﺍ ﺑﺎ ﺧﻮﺩ ﺑﻪ ﺍﯾﻦﻃﺮﻑ ﻭ ﺁﻥﻃﺮﻑ ﻣﯽﺑﺮﺩﻩ     ﻣﻮﺍﻇﺐ ﺩﻟﻬﺎﯼ ﺧﻮﺩﻣﻮﻥ ﻭﺩلهای ﻫﻤﺪﯾﮕﺮ ﺑﺎﺷﯿﻢ     ﻿ که دیر نشود
ham,هر کس اطمینان داشته باشد که آنچه خدا برایش مقدر کرده، قطعا به او‌می رسد، دلش آرام می گیرد  دلت همیشه ارام
ham,خب کسی هم باهات هست با تنهایی؟
ham,خیلیم خوب بهت خوش بگذره  نه اصلا خوب نبود این هفته من که همش بیکار بودم کلاس نداشتم فقط یه امروزی بود با یه کلاس فیزیک
ham,آخی عزیزم ایشالا خدا بهشون صبربده مامانش جوون بود؟
ham,گلم زنگ زدم خونتون نبودی مامانت گفت کلاسی
ham,سلام گلم،ممنون عزيزم که يادت بود،لطف کردي  مرسي دل به دل راه داره عزيزم!
ham,سلام  شماره اون دوستت ک ارشد صنایع غذایی بود رتبه اش 2 رقمی شد بهم میدی ؟؟؟
ham,سلام گلم،تولدت مبارک،انشاا   تولد120سالگيت روجشن بگيري عزيزم 
ham,اگه بیام خونه ارزو ،بعدش سریع میریم خونه؟ امتحان دارم
ham,سلام   سر کلاسی؟؟میخواستم ببینم چطوری  
ham,شارز ندارم / من سر عفیف ابادم کجا بیام؟
ham,عزیزم انتن نمیده نه هیجا نرو خودم با هستی هماهنگ میکنم
ham,سلام نغمه عصری بیکاری؟
ham,چشم حتما،گلم هرچی خدا بخواد همون میشه،انشاءالله که کارت درست شه،-*
ham,ديشب تب داشتم ساعت ٢ بيدار شدم حالم خوب نبود ديگه خوابم برد ممنون چشم
ham,با مهساهم هماهنگ کن فرم هارو ازش بگیری ،دیروز نبودش
ham,باشه عزیزم هماهنگ میکنیم ساعتشو  گرمه هوا ولی اشکال نداره میریم دور میزنیم
ham,میگویند انسان هاى خوب به بهشت میروند اما من میگویم  انسان هاى خوب هر جا که باشند، آنجا بهشت است تولدت مبارک
ham,سلام استاد، شبتون بخیر  ببخشید سعی کردم پیام ها تاحد ممکن باهم فرق داشته باشن  امیدوارم ک به درد بخورن 
ham,سلام بله ممنون عالی هست 
ham,🙏انشاالله که پروژتون با موفقیت انجام بشه 
ham,آیا می‌دانید انرژی الکتریسیته حاصل از 750 بار شانه کردن موهای یک زن ژاپنی معادل با روشن کردن یک لامپ شصت وات به مدت 3 دقیقه است؟
ham,در حقیقت ادم در یک سکانس از زندگی اش گیر میکند و بعد مهم نیست تا کجا پیش میرود تا هرجایی که برود باز با یک چشم برهم زدن برمیگردد به همان سکانس همان سال همان روز همان لحظه وپیر شدن انسان از این لحظه شروع میشود
ham,اگه چیزی رو با گوشهات نشنیدی  یا اون رو با چشمات ندیدی    اون رو با ذهن کوچیکت ابداع نکن و با دهن گشادت به اشتراگ نذار    (تانگوی عاشق)
ham,آری است فصل محبت من به تو نگاه گرم من به تو لذت بخش عرق شرم تو هدیه تابستان عشق من به تو
ham,در این داغ نگاهای سردت کشنده تر از گرماست و من در آسمان دوستیمان گویی برف و سرما را تا مغز استخوانم درک میکنم
ham,بغضهای مرطوب مرا باور کن ، این باران نیست که میبارد ، صدای خسته ی قلب من است که از چشمان آسمان بیرون میریزد
ham,اگر میدونستی چقدر دوستت دارم     برای اومدنت بارون رو بهانه نمیکردی ، رنگین کمان من
ham,معرفت جاه و مقام نیست به هر کس ندهند معرفت راه و مرامیست که به هرکس ندهند معرفت عشق خدائیست به هر نفس ندهند معرفت بذر نشکفته عشقیست به نا رس ندهند      
ham,ناب اختری درافشان از آسمان برفت گویی که جان جهان، از جهان برفت خورشید معرفت، غروب در باختر نمود شمس ولاء در پس ابر نهان برفت      
ham,مشترک گرامی! همواره پیش از انجام تراکنش های اینترنتی از صحت آدرس وب سایت اعلام شده در پیامک ها و یا تبلیغات اینترنتی اطمینان حاصل نمایید، زیرا ممکن است این آدرس ها ظاهری موجه داشته باشند، ولی شما را به سایتی جعلی هدایت نمایند  معاونت پیشگیری از وقوع جرم قوه قضاییه 
ham,شما یادتون نمیاد، قبل از شروع برنامه یه مجری میومد اولش شعر می خوند بعد هم برنامه ها رو پشت سر هم اعلام می کرد…آخرشم می گفت شما رو به دیدن برنامه ی فلان دعوت می کنم
ham,میفرستم مهربان بر محضر تو یک پیام تا که هم جویای احوالت شوم هم داده باشم یک سلام! صبح روز آدینه ات بخیر و شادی
ham,سلام من به آن پرند سپیده وشادمان که در سپیده با نسیم ترانه ساز می شود
ham,گرامی باد مقدمتان که آمیخته با غبار کعبه ،صفای مدینه ومعطر به عطر قبور ائمه بقیع است حجکم مقبول سعیکم مشکور
ham,چادرنشین عرفات خوش آمدی بازگشت پروانه کعبه گرامی باد
ham,قابل توجه آقایان    وقتی یه زن نظر شما رو میپرسه در واقع نمیخواد نظرتوون رو بدونه فقط میخواد نظر خودش رو با یه صدای مردوونه هم بشنوه !!!
ham,دقت کردین وقتی وقتتون زیاده همه چیز چقدر مرتب و تند پیش میره اما خدانکنه دیرت باشه دنیا کنفیکون میشه
ham,عاقد خدا شاهد رسول خدا (ص دفتر لوح محفوظ مکان عرش عروس کوثر داماد حیدر سالروز ازدواج آسمانیشان مبارک
ham,گرگه میره دره خونه شنگولو منگول میگه منم منم مادرتون خرسه میاد دمه در میگه  بابا تو منو کچل کردی اونا 10 ساله از اینجا رفتن
ham,سرمشق هاي آب بابا ? يادمان رفت رسم نوشتن با قلم يادمان رفت شعر خداي مهربان را حفظ کرديم اما خداي مهربان يادمان رفت    
ham,  چون با خدای یگانه همراهم با خیر و خوشی نیز همراه خواهم بود!
ham,  می کشی آه و در چشم هایت / می رمند آهوان دسته دسته در گلویت ترک می خورد بغض / التماس دعا! دل شکسته    
ham,میدو نم تا پیام میاد دعا میکنی من باشم،خواستم بگم دعات مستجاب شد منم    !!!!
ham,روز جانباز ، یادآور سال های آتش به جانی شقایق ها ، گرامی باد
ham,تو کوچه ترقه زدند، پیرزنه دم در وایساده بود هفت جد یارو رو نفرین کرد دو دقیقه بعد نوه خودش ترقه زد در حد بمب هیدروژنی! پیرزنه گفت قربون قد و بالات مادر مواظب باش!!
ham,به صد یلدا الهی زنده باشی / انار وسیب وانگورخورده باشی اگریلدای دیگرمن نباشم، تو باشی وتو باشی وتو باشی پیشاپیش یلدات مبارک
ham,تو سراپا ادعایی عزیزم … انکار نکن عشقت را چشیدم طعم کشک میدهد
ham,از آن روز که رفته ای، کارت شارژها را سیگار میخرم، و با خیابان ها حرف میزنم! همینطوری پیش یرود    گوشیم را هم باید بفروشم،کفش بخرم  
ham,نوروز، نماد جاودانِ نو شدن است تجدید جوانیِ جهان کهن است
ham,عید فطر و جشن طاعت بر ره یافتگان ضیافت الهی مبارک
ham,زگهواره تا گور دانش بجوی
ham,درخت تو  گر بار دانش بگیرد به زیر اوری چرخ نیلوفری را
ham,کار امروز را به فردا نسپار  
ham,اولین شرط برای داشتن یک ارتباط خوب، سخن گفتن از روی علم، آگاهی و اطلاع است 
ham,هر شکستی مقدمه پیروزی است  
ham,نماز کلید بهشت است  
ham,گاهی وقت ها بهترین دوستت میتونه بدترین دشمنت بشه  
ham,به امید تابستان امتحانات را  تمام میکنیم
ham,ایا میدانستید هفت تیر 6 تیر دارد؟
ham,جواب سوال های جغرافی دبیرستان همیشه همین بوداب مساعد و خاک حاصل خیز  
ham,وقت از دست رفته دیگه هیچ وقت بر نمی گرده  
ham,بنی ادم اعضای یکدیگرند که در افرینش ز یک گوهرند  
ham,تبريک! 20 امتياز ايرانسلي به دليل استفاده از اپليکشن ايرانسل من به شما تعلق گرفت  فقط تا پايان اين ماه فرصت داريد تا امتيازات خود را ازطريق کد #1*310* و يا از قسمت امتياز من در ايرانسل من به جايزه تبديل کنيد
ham,بیمه گزار محترم، بیمه نامه ثالث شماره 13921/96 خودروی شما 2 روز دیگر منقضی می شود خواهشمند است برای تمدید به واحد صدور مربوطه در شرکت سهامی بیمه ایران مراجعه فرمایید #AB01
ham,مشتری گرامی هزینه اشتراک سالانه سرویس پیام کوتاه بانک ملی 60000 ریال می باشد که در صورت تداوم سرویس از حساب شما کسر می گردد  در صورت عدم تمایل به ادامه سرویس عدد 1 را به شماره 100064141 ارسال نمایید  بانک ملی ایران
ham,ﻫﺎﯾﻨﺮﯾﺶ ﺑﻞ به ﭘﺴﺮش گفت ﻭﻗﺘﯽ ﻣﯽﺑﯿﻨﯽ ﮐﺴﯽ ﻟﻬﺠﻪ ﺩﺍﺭﺩ ، ﻣﻌﻨﺎﯾﺶ ﺍﯾﻦ ﺍﺳﺖ ﮐﻪ ﺍﺯ ﺗﻮ ﯾﮏ ﺯﺑﺎﻥ ﺑﯿﺸﺘﺮ ﻣﯽﺩﺍﻧﺪ!
ham,چقدردراشتباهند-آنانكه به جاى ساده گرفتن زندگى آن راسرسرى می گیرن
ham,هیچ چیز بدتر از تبریک روز مهندس به یک مهندس بیکار نیست !
ham,در این دنیا که مردمانش عصا از کور می دزدند من از خوش باوری اینجا محبت جستجو کردم
ham,مشترک گرامی!در زمان خرید گوشی تلفن همراه از فروشگاه هایی خرید کنید که دارای پروانه ی کسب معتبر بوده و حتما فاکتور خرید مهمور را دریافت نمایید معاونت پیشگیری از وقوع جرم قوه قضاییه
ham,با اهدا خون نعمت زندگی را با دیگران شریک شویم روز اهدا خون مبارک!
ham,زندگی دریای متلاطمی است که قطب نمای آن محبت است 
ham,اوضاع همیشه قرار نیست بهتر بشه گاهی اوقات اینکه شرایط از اینی که هست بدتر نشه خودش ی حرکت مثبت به حساب میاد 
ham,مشترک گرامی موجودی حساب شما برای برقراری تماس کافی نمیباشد لطفا ابتدا اعتبار حساب خودرا افزایش دهید
ham,زندگی چیزی نیست که لب طاقچه ی عادت از یاد منو تو برود
ham,گیاه گزنه برای درمان کم خونی بسیار مفید است  🆔 @Doctor_sonati
ham,مشترک گرامی! در هنگام خرید گوشی تلفن همراه دقت نموده، زیرا در صورت خرید گوشی مسروقه، در نهایت فردی که گوشی را بدون فاکتور خریداری نموده، تحت تعقیب قضایی قرار خواهد گرفت  معاونت پیشگیری از وقوع جرم قوه قضاییه 
ham,رمز انتقال اعتبار  25397163
ham,Your Twitter confirmation code is 245147 
ham,━━━━━━◈❖✿❖◈━━━━━ زلیخا مُرد زین حسرت که یوسف گَشته زندانی ؛ چرا عاقل کُنَد کاری که باز آرَد پشیمانی     #صائب_اصفهانی ━━━━━◈❖✿❖◈━━━━━━
ham,بهاری پر امید و سالى همراه با پیروزی و اعتدال برایتان آرزومندم  عید شما مبارک  حسن روحانی رئیس جمهور
ham,شهروند گرامی مجتبی کمیلی جهرمی کارت هوشمند ملی شما به شماره دسته …آماده تحویل می باشد  لطفا جهت دریافت آن با اصل شناسنامه و کارت ملی ، حد اکثر تا یک هفته به آدرس جهرم-خ امام حسین-جنب پادگان آموزشی شهید دستغیب-اداره ثبت احوال جهرم مراجعه فرمایید 
ham,سلام  قبولی شما را در دانشگاه جهرم تبریک عرض میکنیم  منتظر شما در زمان ثبتنام هستیم  (ستاد استقبال یایگاه بسیج شهید ابراهیم هادی
ham,مشترک گرامی! در زمان خرید گوشی تلفن همراه از فروشگاه هایی خرید کنید که دارای پروانه کسب معتبر بوده  و حتما فاکتور خرید ممهور دریافت نمایید  معاونت پیشگیری از وقوع جرم قوه قضائیه 
ham,مشترک گرامی، شما یک تماس ناموفق از شماره 989390000000 داشته اید 
ham,مشتري گرامي، رمز اول کارت شما به شماره  7000******502200 در تاريخ 1396/04/10 ساعت 123604 اشتباه وارد شده است 
ham,مشترک گرامی به اطلاع میرساند امکان تراکنش با مبلغ کمتر از 10 هزار تومان از طریق کارتهای بانک ملت میسر نمیباشد بنابراین پیشنهاد میگردد از کارت بانکهای دیگر استفاده نمایید و یا خرید خود را به بالای 10 هزار تومان افزایش دهید 
ham,شما 3 تماس از دست رفته از 0000000000 داشته اید ، آخرین تماس در تاریخ ۱۳۹۶/۱/۱۹ ساعت ۱۲۴۰ می باشد You had 3 missed calls from 09396234743 last received on ۱۳۹۶/۱/۱۹ at ۱۲۴۰ 
ham,سرپرست گرامی!یارانه شما به دلایلی حذف گردیده است 
ham,کد آهنگ وارد شده معتبر نمی باشد با ارسال عدد 5 درخواست راهنمایی کنید 
ham,کد وارد شده نامعتبر می باشد جهت دریافت لیست پیشواز برتر 5 را به 7575 ارسال نمایید 
ham,سلام کد پرسنلی تحویل دادم برات فیش بگیره 
ham,اره خودم درستش میکنم)
ham,میدونی ذکر هر روز و اعمالش چیه؟؟؟ 2 رو به همین شماره ارسال کن تا هرروز برات بفرستم 
ham,یا من اسمه دوا و ذکره شفا داروهای گیاهی که ناشناخته هستند و اثرات زیادی دارند  رو به همین شماره بفرست تا عضوت کنم    Daru
ham,کد اهنگ 5514151 با نام حلالم کن با موفیقت از فهرست شما حذف گردید 
ham,چرا هرچی میزنم روش درست نمیشه اینم زدم DV14
ham,توروخدا زود جواب بده گیرم
ham,میخوای شماره کارتمو بفرستم اگر خواستی رو شماره 917123456789 پیام بده 
ham,SALAM
ham,خوبی؟ آماده باش اومدم
ham,هماهنگ شده برو پیشش بگو از طرف مهندس محمدی اومدم 
ham,یه چنتا جوک بفرس برام )
ham,چشمان تو چه داردکه اینگونه خرابم میکند؟؟؟؟؟؟؟؟؟
ham,لباس جدید آوردن قیمتش هم عالیه خواستی خبر بده
ham,5218 بگیر خودش برمیداره 
ham,باور کن هیچ راهی نداره منم سعی خودمو کردم ولی راهی نداشت ان شاالله دفعه بعدی برات جورش میکنم 
ham,گزینه اول که اومد RVHG اینو بزن
ham,میدونی چرا بهش گفتم؟بیا تا کامل بهت بگم
ham,اسمش برام بفرست
ham,شماره اتوبوس رو برام بفرست منتظرم
ham,تو چیزی برای کنکور خوندی؟ میای با هم شروع کنیم بخونیم؟؟؟
ham,سرویس مورد نظر یافت نشد 
ham,کد ملی وارد شده با کد ثبت شده در سیستم مطابقت ندارد 
ham,خطای کد!!!مجددا سعی نمائید 
ham,کد پستی شما 743645879 اگر صحیح است 1 را به همین شماره بفرستید در غیر اینصورت 2 را بفرستید 
ham,کد پستی شما چیه برام بفرس
ham,7465464545کد پستی ما
ham,باشه چشم
ham,از اعتماد شما سپاسگذاریم اپراتور اول همراه اول
ham,خودت باش کسی هم خوشش نیومد که نیومد!!!این جا مجسمه سازی نیست!
ham,خدا از ادعای خیلیا کم کنه به قیافه هاشون اضافه کنه!
ham,مگه میشه بارون بباره و و دل  هیشکی واسه کسی تنگ نشه!
ham,سلامتی اونیکه تو دلمون درخشید ولی دیگه دوسش نداریم ببخشید!!!
ham,تو همیشه شلخته ای، با آمدنت دلم را به هم ریختی با رفتنت ذهنم را    
ham,سلام خوبی من امشب نمیتونم برسم خودت یکی جای من بزار
ham,با سلام مراسم دعای پرفیض کمیل امشب مسجد جامع ساعت 8 با مداحی کربلایی محمد زارع
ham,LKمدلش
ham,سلام کد دانشجوییت رو برام بفرس مثال951103123456
ham,من هنوز تورا یواشکی دوست دارم!!!
ham,یخورده میوه بخر بیار مهمون داریم))))
ham,مبلغ 30000000 ریال شماره کارت 62738116123456789 به نام علی محمدی
ham,ممنونم
ham,نه بابا مراحمین
ham,این نسخه داری؟WINDOWS 7 SP2 HOME EDITION
ham,جواب بده
ham,نه متاسفانه ندارم
ham,فردا عصر خبرت میدم
ham,من که چیزی از حرفاش نفهمیدم والا
ham,اخرش معلوم نیست به کجا برسه
ham,من کارمو از دست دادم ولی پشیمون نیستم
ham,بیمارستان شهید فقیهی بخش جراحی تخت 298
ham,حالش خوبه ناراحت نباش
ham,اینطوری مینویسنdexamethasone
ham,دارم میرم ترمینال
ham,Allow accsess بزن
ham,خواهش میکنم
ham,جنس شما رسیده برین تحویل بگیرین
ham,+989174052060 آقای دکتر
ham,74545121215
ham,گوشیم خرابه میای درستش کنی
ham,مژده!!!شما برنده یک خانه ویلایی در قلب من شدید!!!
ham,تبریک میگم بهتون قدم نورسیده ان شاالله صدساله بشه
ham,+989121234567 تهران رفیقم
ham,Sadaf45f5fa54ff4af4afasf4dgh5v5
ham,کد معتبر بفرست تا براتون ثبتش کنم تا فردا
ham,پیشنهاد شما برای اون پراید خیلی کمه
ham,دارم میرم جایی امشب خونه بمون مواظب خودت باش
ham,سلام دراین زمینه من نمیتونم دخالت کنم
ham,یه زحمت برام میکشی
ham,میشه کتابات به من امانت بدی
ham,امشب کلی کار سرم ریخته شرمنده
ham,تحمل نداره نباشی دلی که تو تنها خداشی
ham,تو زندگی هرکسی بعضیا وجود دارن که اصلا نمیشه دوسشون نداشت ومن چقدر این بعضیا رو دوست دارم
ham,اره باهاش حرف زدم ببینم قبول میکنه یا نه
ham,گفت تاشب خبرشو بهت میدم
ham,بمون همون جا اینجام کسی نیست
ham,میشه چند دقیقه وقتتونو بگیرم
ham,بازیهای انلاین دوست داری                                                                                                      هم بازی کن هم شانستو برای دریافت سکه امتحان کن                                                                       عضویت باارسال 1
ham,سلام به روی ماهت
ham,تا کپی زدم54
ham,Fardaفردا میام
ham,6565 رمز کارت سوخت
ham,سلام میدونی چطور پیامای حذف شده رو برمیگردونن؟ اگه میتونی گام به گام یادم بده ممنون
ham,اخه چطور بیام الان با این وضع خیلی پر توقعی
ham,منم اولش باور نمیکردم تا اینک خودش پیام داد گفت بهم
ham,سینا با پسر عمش و بابابزرگ
ham,آمار رای دهندگان شوراها به شرح زیر می باشد آقای تاجی 12355 رای آقای مومنی 54545 رای خانم زیدانی 454554 رای
ham,شرمنده یادم رفت
ham,چنتا رای اوردی؟
ham,یه آهنگ پیشواز خوب برام بفرس مث چاووشی
ham,سلام ندارم
ham,اینترنت نداری؟
ham,آمار نظر سنجی طرفداران آهنگ پیشواز ترابی آهنگ چه کنم  5541554 رای خواجه ولی آهنگ انتظار 556587 رای چاووشی آهنگ دلم 56777878 رای این هفته این سه خواننده به عنوان خوانندگان برتر شناخته شدند 
ham,بانک انصار برداشت از حساب300000ریال از حساب54546873 مانده25000000ريال 21/04/96-0802
ham,السلام علیک یا اباعبدالله پنج بار بگو یاحسین و برای پنج نفر بفرس یه خبر خوبی میشنوی منم اولش باور نمیکردم ولی بعد خداشاهده یک خبر خوب شنیدم 
ham,سلام مگه من مسخره شما هستم الکی پیام فرستادی رفتی تو لیست قرعه کشی و کد قرعه کشیت اینه
ham,من دارم میرم تهران کار برام پیش اومده
ham,سریع بیا دنبالم کارت دارم زوددددددددددد باش
ham,خخخخخخخخخخخخخخخخخخخ شوخی کردم بابا
ham,خیلی گلی حرف نداری مردوووووووو
ham,ناموسا سلام
ham,یارو میره قصابی گوشت بخره               چیه مگه گوشت خریدن خنده داره؟؟؟؟؟؟
ham,رفتم نشون دادم گفت اصل اصله منم اصل خریدم جنس تقلب نمیخرم مطمئن باش
ham,ای بابابابابابباباباباباباباباباباابابابا
ham,منم و جواد و ایرانسل ههههههههههههههههههه
ham,پیام بدون متن بفرس به 1814 درست میشه
ham,دیگه نمیدونستم چیکار کنم وقت هم برای خوندن کنکور نداشتم که این پیامک برام اومد الان دارم رشته پزشکی  دانشگاه تهران میخونم اگر میخوای راز موفقیتم بهت بگم یک پیامک بدون متن به همین شماره ارسال کن 
ham,مرد مومن منو اینجا کاشتی میخوای یچی بهت بگم؟؟؟؟؟
ham,خوووووووووووووووووووووووووووبه
ham,مرسیییییییییییییییییییییییییییییییییییییییییی
ham,به کیه؟Ki
ham,یه آهنگ شاد برام بفرس
ham,Error 691 مال چیه این ؟
ham,سلام اومدم خونتون نبودی
ham,من رفتم نمایندگی همراه اول گفت همچین سیم کارتی نداریم
ham,عجببببببببببببببببببببببببب
ham,منم بابا میلادم
ham,خوش اومدی دیواااااااااااااااااااااااااااااااااااااااااانه
ham,پاشو بیااااااااااااااااااااااااااااااااااااااااااا
ham,من قهرم!
ham,سیم کارت رند همراه اول میخوای!!! برو نمایندگی معتبر همراه اول و توی جزیره طلایی ثبت نام کن!!!
ham,با سلام!درخواست شما با موفیقت ثبت شد سازمان صنعت،معدن و تجارت استان فارس
ham,مهندس درخواستت  توی سازمان ثبت کردم 
ham,عجب ادمی هستیااااااااااااااااااااا
ham,خو میگم نه
ham,هوووووووووووووووووووووی
ham,الووووووووووووووووووو
ham,من  خودروی مزدا برنده شدم
ham,به به چه هوایی شده نه؟؟؟؟؟
ham,خداکریمه
ham,اه
ham,خب
ham,زود باش بیا دیگه
ham,انتقال وجه به کارت8998*************** مبلغ2200000000 کد پیگیری45545454454
ham,آهنگ دیروزی مال کی بود؟؟؟؟
ham,کد آهنگو بفرست برام
ham,2112121 اینم از این
ham,وای خدا چکار کنم حالا
ham,برنامه نویسی داریم
ham,سر کلاسم بعدا زنگ میزنم
ham,چاکرم
ham,فدایت
ham,خداکنه
ham,باشه بهت برنامه نویسی یاد میدم
ham,قرآنو دوس داری حفظ کنی؟؟؟؟
ham,من حوصله درس خوندن ندارم
ham,بابام دیروز بهت زنگ زد چی گفت؟
ham,باشه اشکال نداره بشین قرآن بخون
ham,من همشو حفظ کردم
ham,رفتم خریدم
ham,نه نمیخواااااااااااااااااااااااااااااااااااااااااااااااااد
ham,تورو خداااااااااااااااااااااااااااااااااا
ham,با سلام مهر شما در قلب من فعال شد 
ham,مشترک گرامی!سرویس آوای انتظار شما فعال شد 
ham,سللللللللاممممم
ham,بع بع میکنی
ham,یا چی؟؟؟؟؟؟؟؟؟؟؟؟؟؟
ham,من سوپرمارکتم بیا اونجا
ham,چطوری؟
ham,حال و احوالت خوبه
ham,عید سعید فطر بر شما و خانواده محترمتان تبریک عرض می نمایم 
ham,باشه من همون بد شما خوب باش خخخخخخخخخخخخخخ
ham,چشششششششششششششمممممممممممممممممممممممم
ham,ممنونتم
ham,تو حروف ابجد بلدی بفرستی به همین شماره
ham,اره فرستادم
ham,الف ب ج د ه و ز ح ط ی ک ل م ن س ع ف ص ق ر ش ت ث خ ذ ض ظ غ
ham,چنتاست؟
ham,بشمار
ham,میای بریم کوه آخر هفته
ham,نه نمیتونم بیام
ham,ذکر یا من اسمه دوا و ذکره شفا بگو
ham,باید اسباب کشی بکنه
ham,ببخشید اشتباه فرستادم
ham,من  و تو و اون بنده خدا
ham,من به محسن خیلی امید دارم ادم باهوشیه
ham,پیامت ناقص اومد
ham,آره فهمیدم
ham,گفتم که اگر تونستم چشم
ham,من نمیتونم که هرساعت برات بفرستم
ham,پیامک به صورت زیر ارسال شود 1-نام و نام خانوادگی 2-کدپستی 3-شماره همراه
ham,حاج محسن مهدوی مسئول تدارکات +989123655555
ham,Great بفرس به همین پست
ham,کارت سوختم فراموش کردم
ham,رمز وای فای برام بفرست
ham,Lionاین مارکشه حتما آبی رنگ باشه
ham,امید داره میاد درو براش باز کنین
ham,آهنگ پیشواز شما با کد 6615457  با موفقیت جایگزین شد 
ham,سرپرست گرامی!یارانه تیرماه به حساب شما واریز شد 
ham,با تشکر از استاد گرامی جناب آقای مهندس رحمانیان،امیدوارم که مورد رضایت واقع گردد 
ham,من حاضرم آمونیاک خالص تنفس کنم ولی…  بوی ماه مهر به مشامم نرسه      
ham,تولدت آغاز زیباییها ست هزاران گل یاس سپید تقدیمت میکنم
ham,سلامتی اون کسی که ساقی نبود ولی هر روز برامون عرق ریخت    !! پدر
ham,هر شب پنجرہ‌های ملکوت آسمان، بسوی قلبها گشودہ میشود    الهی امشب! ﮐﯿﻨﻪ ﺭﺍ ﺍﺯ قلبہای ‌ما ﺑﺰﺩﺍﯼ و نور ایمانت را درقلبهایمان جاری کن شبتون بخیر
ham,فرجه چیست؟ همانطور که قبل از ذبح به گوسفند آب می‌دهند ، به دانشجو هم قبل از امتحانات فرصتی می‌دهند تا برای خودش خوش باشد
ham,مهربان کـه باشی خورشید از سمت قلب تو طلوع خواهد ڪرد و صبح مگر چیست ؟ جز لبخند مهربانت    سلام صبح بخیر لبخند خدا بدرقه نگاه مهربانتان
ham,سلام انشاالله نیم ساعت دیگه
ham,اگه بتونید پنج دقیقه مونده به هفت فلکه مرکزی باشید خوبه
ham,سلام   میای بریم بیرون ؟
ham,خودم پیگری می کنم شما نگید   فقط اگه پرسید اشاره کن  
ham,امروم یکم طول میکشه اما در کل بین 2 تا سه ساعت
ham,سلام ارسال شد  لطفا حتما در گروه اعلام کنید 
ham,سلام شرمنده این چند روز مسافرت بودم امروز رسیدم فردا در خدمتم
ham,سلام این با ارفاق خیلی زیاد هست به بقیه هم بگو دیگه تغییر نمیکنه
ham,سلام  استاد بچه ها می پرسن فردا هم می تونن تمرین بیارن تحویل بدن یا نه؟
ham,قبل از شما سه نفر دیگم ج دادن ولی شرکت گفته فقط به دو نفر بده  ایشالا معمای بعدی
ham,وقتشو داری ی ویندوز واس من عوض کنی؟؟
ham,۱۰ جلسه کلاس آنلاینه   هر واحد هم ۷۵ تومن
ham,مال ما خیلی سخت بود همه ۵ دقیقه اول بلند شدن
ham,می تونین استفاده کنین
ham,فک کنم مشکل از سرورهای تلگرامه
ham,ادم تو محدوديت ها ستاره ميشه
ham,پول پیش خونه اگه در میاد باشه مشکل نداره
ham,خواب بودم الان موبايلم چك كردم
ham,الان نمیتونم صحبت کنم بعد زنگ میزنم!
ham,سلام کد ملیتو بفرس رو همین شماره که وقتش محدوده
ham,دیگر شده ام دچار وسواس بیا/بدجور به عصر جمعه حساس بیا/آقاجان گفته بودی به عموی خود ارادت داری/اینبارقسم به دست عباس بیا    اللهم عجل لولیک الفرج
ham,هشت سال دفاع مقدس مظهر ایثار و از خود گذشتگی است  مقام معظم رهبری
ham,دانشپذیر گرامی لطفا جهت صدور گواهینامه نهایتا تا فردا عکس خود را در سایت آموزش آپلود نمایید 
ham,سلام، زمان حذف و اضاف  دانشگاه كي هست ؟
ham,سلام خوابگاه شماره ۱۱ با پذیرش ۵۰ نفر ظر فیت تکمیل و هیچ تخت خالی وجود ندارد
ham,🔴قابل توجه دانشجویان دانشگاه جهرم به اطلاع میرساند با توجه به همزمانی ثبت نام دانشجویان جدید الورود با تاریخ تعیین شده برای حذف و اضافه، با تصمیم شورای دانشگاه جهرم، تاریخ حذف و اضافه به روزهای دوشنبه 10 مهرماه و سه شنبه 11 مهرماه منتقل شد  لازم به ذکر است که حذف و اضافه صرفا در روزهای مذکور از طریق سامانه sess قابل انجام خواهد بود و به درخواست های بعد از از تاریخ فوق ترتیب اثر داده نخواهد شد 
ham,اطلاعیه خیابان ملاصدرا از روز سه شنبه مورخ 9 شهریور تا پنج شنبه 11 شهریور یک طرفه میباشد 
ham,جاده هراز از امروز بعدازظهر یک طرفه خواهد شد
ham,ایا میدانستید مصرف روزانه 8 لیوان اب برای بدن انسان ضروری است؟
ham,آیا میدانستید که اگر همه یخهای قطب جنوب آب شود بر سطح آب اقیانوسها هفتاد متر اضافه می شود و در این صورت یک چهارم خشکی های کره زمین زیر آب می رود ؟
ham,آیا میدانستید که خرگوش و طوطی تنها حیواناتی هستند که میتوانند بدون برگشتن اشیاء پشت سر خود را ببینند ؟
ham,آیا میدانستید که انسان‌های راست دست به طور میانگین 9 سال بیش از چپ دست‌ها عمر می‌کنند ؟
ham,آیا میدانستید که مزه سیب، پیاز و سیب زمینی یکی ست و بخاطر بوی آنهاست كه طعم متفاوتی دارند ؟
ham,آیا میدانستید که 1300 کره زمین در سیاره مشتری جای می گیرد ؟
ham,آیا میدانستید که بلند قدترین مرد جهان جان پل آونوو، دو متر و چهل و نه سانتیمتر قد دارد ؟
ham,سلام خوبی؟ تو جهرم کلاس اموزش رادیولوژی و سونو گرافی ندارن؟یا جهاد دانشگاهی بزاره؟
ham,ممنون،بگو چقد شده؟نه میخوام برم کلاسش مدرک بگیرم
ham,تو قشم فک کنم باشه گفتم تو جهرمی شاید بدونی جهرم هست یا نیست
ham,هههههه،باشه فقط اگه برات زحمتی نیست به سوالی یا پرس و جویی بکن ببین جهرم هست یا نه
ham,مگه داراب داره؟
ham,سلام   میثمم   برا کولر کی بریم
ham,سلام!  عادتم داده صفای توکه یادت باشم یاد آن معرفت ومهرومرامت باشم ازبرای همه لطفی که بدیم ازتو کمترین کار همین است که یادت باشم
ham,سلام عکساشو برت فرستادم لی تلگرام
ham,سلام من دارم میام جهرم بری کلاس زبان توهم میای؟
ham,سلام بیو تو واتس آپ بی زحمت چن تاسوال دارم
ham,این جمعه هم از دیدن رویت خبری نیست دیگرنفسم هم نفس معتبری نیست ردمی شود این جمعه وتالحظه آخر ازآمدن سبزتو اما اثری نیست اللهم عجل لولیک الفرج
ham,سلام میلا جوراب خشک بشه میام
ham,سلام میلاد ظهرساعت11میای بریم سلف پایتون باهم کارکنیم؟
ham,اینو توی مرورگر بزنید 5 190 64 2 ببینید باز میکنه؟
ham,یوزر و پسورد برای ورود به پنل چی میزنید؟
ham,یوزرtest2 پسورد22 200 مگ حجم گذاشتم تست کنید
ham,اوکی صبر کنید چک میکنم
ham,الان با گوشیم تست کردم  شما www های اولشو نزنید باز میشه احتمالا
ham,یوزر و پسورد کد ملی گذاشتم
ham,سلام چه مشکلی داره
ham,سلام لطفا قیمت نهایی فروش خدروتون رو بفرمایید مشتری هستم
ham,سلام برادر ماشین چه رنگ هست مگه ضربه ورنگ شدگی داره؟
ham,سلام چه معدنی و در چه مرحله و چه شهری
ham,صبح هم چند بار تلفنت گرفتم انتن میداد ولی زنگ نمیخورد خلاصه خیلی خیلی ازت ممنون هستم خونه هست اگه نمیتونی خودت بیای بدم اسمال برات بیاره چون خودت لازم داری
ham,سلام میلاد یوسف هستم زنگی بزن کارت دارم
ham,عمری که گذرکردازاین سال به آن سال تادیرنشده حال ودگرحال تودریاب لبخندبزن،مهربورز بادلی شاد تااین گذران،بگذردبه بهترین منوال باآرزوی سالی سرشارازشادی وسلامتی برای شماوخانواده محترم🌹 حامدرحیمی تبار
ham,مشترک گرامی! در زمان خرید گوشی تلفن همراه از فروشگاه هایی خرید کنید که دارای پروانه کسب معتبر بوده  و حتما فاکتور خرید ممهور دریافت نمایید  معاونت پیشگیری از وقوع جرم قوه قضاییه 
ham,مشترک گرامی! در هنگام خرید گوشی تلفن همراه دقت نموده، زیرا در صورت خرید گوشی مسروقه، در نهایت فردی که گوشی را بدون فاکتور خریداری نموده، تحت تعقیب قضایی قرار خواهد گرفت  معاونت پیشگیری از وقوع جرم قوه قضاییه 
ham,مشترک گرامی! همواره پیش از انجام تراکنش های اینترنتی از صحت آدرس وب سایت اعلام شده در پیامک ها و یا تبلیغات اینترنتی اطمینان حاصل نمایید، زیرا ممکن است این آدرس ها ظاهری موجه داشته باشند، ولی شما را به سایتی جعلی هدایت نمایند  معاونت پیشگیری از وقوع جرم قوه قضاییه  Pegah [26 09 17 1053] ولی راجب سهاما چیزی ننوشته  پرسیدم گفتن اینترنتی قابل پیگیری نیس
ham,سلام خدمت پدر گرامی هم اکنون حاضر و آماده در انتظار شما نشسته ایم لطفا هرچه سریع تر به سمت خانه روانه شوید با تشکر دختر عزیزتان
ham,سلام شبتون بخیر شما اطلاع دارید فردا کلاس برگزار میشه یا نه؟
ham,سلام خوبی ؟ میگم یه لحظه میتونی بیای تلگرام این سواله رو برام حل کنی ؟
ham,هنرمند هنوز نیومده  ربع ساعت دیگه میرسه بلیط بگیرم ممکنه نرسه به ما
ham,اره قراره دایی بیاد اینجا باباجون داره میاد دنبال ما ببرتمون بگو زودتر بیاد
spam, لیزر دایود GME تکنولوژی آلمان کامل ترین ، مناسب ترین و موثرترین لیزر جهت موهای زائد بدن و صورت دکتر بهمنی جهرم   54234524-071
spam, هديه ما به شما 30گيگ اينترنت رايگان همراه اول در ماي اپس براي دانلود بهترين فيلمها و لينك دانلود آنها به صورت روزانه قرعه كشي ماهيانه  سفرخارجي، گوشي آيفون7، گوشي گلگسي8 با ارسال 2
spam, حميد ماهي‌صفت بمب خنده ايران براتون كلي لطیفه داره! جوک‌های جديدی كه تاحالا نشنيدي رو با شماره‌گيري 99221010 گوش كن و كلي بخند  هر دقیقه 500 تومان
spam, سرمايه گذاري مطمئن با خريد اوراق گواهي عام با نرخ 17 درصد از تاريخ 7 تا 12 مردادماه در شعب بانك كشاورزي استان فارس
spam, مشترک گرامی برای عضویت در بازی استراتژیک آنلاین شهروار (مشابه کلش آو کلنز)، هر چه سریعتر عدد 1 را ارسال کنید  * فقط همین امروز هدیه 120 هزار تومانی اعتبار درون برنامه ای را از دست ندهید * هرچه سریعتر عدد 1 را به  به همین شماره ارسال کنید
spam, سومین کنفرانس بین المللی انقلاب چهارم صنعتی با حمایت همراه اول و حضور سخنرانانی از اروپا  22 و 23 تیرماه مرکز همایش های برج میلاد www industry40 ir همراه اول، رتبه اول اپراتورهای تلفن همراه کشور
spam, امشب، شبکه دوم سیما، قبل از خبر 2030 (ساعت 20) همراه اول، رتبه اول اپراتورهای تلفن همراه کشور در چهار سال دولت یازدهم، شما را به دیدن ویژه برنامه افتتاح پروژه های فاز سوم شبکه ملی اطلاعات در همراه اول با حضور وزیر محترم ارتباطات، دعوت می کند 
spam, تابستان امسال با رومینگ همراه اول در کشور های مهم جهان جهت اطلاع از تعرفه های رومینگ نام کشور یا کد آن را (بدون دو صفر) به سامانه 8070 ارسال کنید  در تمامی کشور ها روشن نمودن گوشی هزینه ندارد و دریافت پیامک رایگان است  جهت کسب اطلاعات بیشتر به پرتال همراه اول به نشانی www mci ir مراجعه کنید  همواره اول با رومینگ همراه اول
spam, شهادت امام جعفر صادق (ع) را تسلیت می گوییم  با ارسال عدد 110 به 8888 و پرداخت روزانه 110 تومان، در ساخت صحن و شبستانی به نام حضرت فاطمه(س) در جوار حرم مطهر حضرت علی(ع) سهیم شوید  مشارکت بیشتر و پرداخت مبلغ دلخواه با شماره گیری کد *1*888# همراه اول با مشارکت ستاد بازسازی عتبات عالیات
spam, با 1000 شروع می شه    با 1000 باش!
spam, هر هفته یک موتور 1000 به ارزش 1000 میلیون ریال با استفاده از بسته های آلفا+ اینترنت همراه نوترینو خرید بسته با شماره گیری *100*2#
spam, یه پیشنهاد به صرفه با شماره گیری *1000*1# از پیشنهاد بسته مکالمه خود مطلع شده و با مکالمه دقیقه ای 16 تومان، بیش از 70% تخفیف بگیرید 
spam, مشترک گرامی با توجه به عدم چاپ قبض تلفن همراه جهت جلوگیری از قطع ارتباط و استفاده از یک روز مکالمه رایگان نسبت به پرداخت بدهی خود تا قبل از 20/05/1396 از طریق سامانه 9990 یا دستگاههای ATM یا مراجعه به دفاتر خدمات ارتباطی اقدام فرمایید
spam, خدمات قابل ارایه در مرکز تماس 9990  اصلاح مشخصات(قطع مغایرت مشخصات)--مشاهده و اعلام نوع قطعی تلفن همراه---چک نمودن وصولی مشترک---حذف پیامک های ارزش افزوده
spam, هایپراستار 8و5/9 پاکبان دوغ قوطی6ع40%ت فلاسک ست قاشق چنگال21ع 99000ت
spam, هایپراستار3و5/4 LED55SAMSUNG 2829000ت+هدیه گوساله مخلوط1ک 32900ت
spam, هایپراستار1و5/2 مارس انواع شکلات50% ملحفه نیم ست کشدوز45%ت طالبی ک750ت
spam, هایپراستار27و4/28 برنج ایرانی5ک25%ت روغن آفتاب810گ30%ت قزل آلا11490ت
spam, هایپراستار 25و4/26 حوله وتن پوش در4سایز50%ت سن ایچ انواع آبمیوه1ل40%ت
spam, مشترک گرامی با اپلیکیشن تخفیف اول از بیشترین تخفیف‌های کالا و خدمات فروشگاه‌های اینترنتی باخبر شوید  جهت عضویت عدد 111 را به همین شماره پیامک کنید 
spam, لذت محض یادگیری انگلیسی! توسط سرویس نبشت فقط با 10 دقیقه زمان در روز زبان انگلیسی خود را تقویت کنید و در قرعه کشی  جایزه 100000000 ریالی شرکت کنید  با ارسال 1 به 305058
spam, دوست عزیز برای عضویت در سرویس ویدئویی تاملی (ویدئو HD آشپزی) عدد 1 را به همین شماره ارسال کنید  در این اپلیکیشن روش پخت انواع غذاهای ایرانی و بین المللی بصورت ویدئو با کیفیت قرار داده شده است  *از طرفی شما شانس برنده شدن ماهانه 10 شارژ 10000 ریالی به قید قرعه دارید *  با ارسال 1 به همین شماره
spam, * اپلیکیشن آوا یک قدم جلوتر از بقیه * جدیدترین آلبوم های موسیقی  با ارسال 1 موسیقی و فراتر ازآن * با قرعه کشی خودرو 206 *
spam, تحویل فوری باتسهیلات قرض الحسنه در جشنواره تابستانه محصولات گروه سایپا
spam, جایزه بزرگ الماس شهر(خودروی پراید) هرخرید 1 امتیاز بیش از100قلم تخفیف
spam, خریدخودروهای فرسوده بالاترین قیمت نقدی09170017475-54222435مرکزجهرم2617
spam, لیزر دایود GME تکنولوژی آلمان کامل ترین ، مناسب ترین و موثرترین لیزر جهت موهای زائد بدن و صورت دکتر بهمنی جهرم   54234524-071
spam, یکدست پیراهن مبل راحتی فقط 180هزار فروش نمایشگاه جنب تالار المهدی جهرم
spam, یکدست شیرآلات اهرمی سنگین 250هزار فروش نمایشگاه جنب تالارالمهدی جهرم
spam, بافیش حج به سرزمین وحی سفرکنیدتمتع خرید10فروش11عمره800ت 09172012091-99
spam, سیمکارت صفرورندخودرا از www Rondtarin ir تهیه فرماییدودرب منزل تحویل بگیرید 917-112-88-89 912-222-13-14 تلگرام t me/rondtarin
spam, عطر روحبخش  ربنای  جبروت و رحمت فطرگوارای وجود پاکتان و نگاه ایزد منان همواره همراهتان عید سعیدفطر برشما و خانواده محترمتان مبارکباد اداره روابط عمومی واطلاع رسانی کمیته امدادامام خمینی(ره)استان فارس
spam, با پرداخت زکات فطریه به نیازمندان، عید بندگی را جشن می گیریم  پرداخت فطریه و کفاره از طریق www emdad ir ویا شماره گیری کد *8877*1# کمیته امداد امام خمینی(ره)
spam, ایام شهادت امیرالمومنین تسلیت باد  گزیده آواهای انتظار ویژه شهادت حضرت علی و شبهای قدر 30815 لیله قدر (هلالی) 46869 شب غریبان قدر (هلالی) 64506 مولایم علی (اقتباسی) 64742 مناجات امیر المومنین (سماواتی) 33857 حب علی (گروه تواشیح) 33865 مولا امیرالمومنین (گروه تواشیح) شنیدن آواها در کانال تلگرام https//t me/www_mci_ir فعالسازی با ارسال کد آوا به 8989 هزینه فعالسازی 300 تومان
spam, كنگره بين المللي مطالعات ميان رشته اي درعلوم پايه-مهندسي انتشارمقالات درISI SID Academia www irse2017 com كانال تلگرام @irSE2017com
spam, حمیدرضا تقی زاده مدیر دفتر پیشخوان دولت با کد 167
spam, همایش نیروهای انقلابی سخنران حاج آقای پناهیان امروز 5 عصرمصلی نمازجمعه
spam, میلاد حضرت علی (ع) و روز پدر گرامی باد جهاددانشگاهی جهرم مهندس فصیحیان
spam, بازیهای اندروید باکیفیت رو دوست دارید؟ بازی هیجان انگیز ماشین سواری جدل بر روی سرعت رو یک میلیون نفر در کشور بازی کرده اند حالا نسخه دوم این بازی با گرافیک اچ دی حجم بسیار پایین  چهار ماشین چهار جاده و امتیازات آنلاین در دسترس شماست این بازی رو برای روزهای عید به شما پیشنهاد میکنیم برای دانلود بازی جدال بر روی سرعت عدد 1 رو به 307878 ارسال کنید  قیمت تنها یکبار 3000 تومان بدون محدودیت زمانی
spam, در روزهای تلخ و شیرین با کانال اخبار جهرم میهمان خانهٔ شما بودیم  امید که امسال،سال تحولات مثبت در راستای پیشرفت و توسعه‌ی شهر عزیزمان باشد نوروزتان شاد  مهندس امین رحمانیان مدیر کانال اخبار جهرم
spam, نوروز؛ آئین کهن ایرانیان بر شما ایران زمینی ها مبارک  بانک ایران زمین
spam, بسته خوش آمد نوترينو آلفا+ شما به پايان رسيد  از اين پس کارکرد اينترنت شما با تعرفه عادي محاسبه خواهد شد  لطفا براي مديريت هزينه اينترنت همراه خود با شماره گيري کد دستوري #100* اقدام به خريد بسته نماييد 
spam, تورتایلند مستقیم ازشیراز 25آبان ماه پرواز قطر گنجینه پرواز 07132348991
spam, مژده به همشهریان عزیز فروش ویژه نقد-اقساط خودروهای ام وی ام برای اولین بار در جهرم آغاز گردید 07154375221
spam, مشتري گرامي با آرزوي سعادت و سلامتي براي شما در سالروز تولدتان بانک ملت
spam, بهترین ذکر در گرفتاریها لاحول ولاقوه الابالله العلی العظیم… دریافت سخنان آیت الله بهجت باارسال210 4روز اول رایگان سپس روزانه35تومان
spam, عید سعید فطرمبارک باد  اعطاء وام قرض الحسنه با 2% کارمزد سالیانه بانک قرض الحسنه رسالت شعبه جهرم تلفن  54229541-54229539
spam, با سلام بیمه شده گرامی با کلیک بر روی آدرس زیر به کانال رسمی تلگرام سازمان تامین اجتماعی بپیوندید و از جدیدترین اخبار و قوانین سازمان تامین اجتماعی با خبر شوید آدرس کانال https//telegram me/taminnews
spam, بافیش حج به سرزمین وحی سفرکنیدتمتع خریدوفروش11عمره800ت 09172012091-99
spam, مشترک گرامی به راحتی زبان انگلیسی را بیاموزید  کافیست عضو مؤسسه مجازی آموزش زبان انگلیسی لینگونت شوید  کافیست عدد ۱ را به همین شماره ارسال نمایید 
spam, سلام خط 09178978752به قیمت29000تومان بفروش میرسد پرداخت وجه زمان تحویل
spam, مشترک گرامی برای عضویت در بازی استراتژیک آنلاین شهروار (مشابه کلش آو کلنز)، هر چه سریعتر عدد 1 را ارسال کنید   * فقط همین امروز هدیه 120 هزار تومانی اعتبار درون برنامه ای را از دست ندهید * هرچه سریعتر عدد 1 را به  به همین شماره ارسال کنید
spam, آفری تفلیس950 تفلیس+باتومی1/690 آنکارا پرواز ترکیش 990 همنواز 02184278
spam, سرمايه گذاري مطمئن با خريد اوراق گواهي عام با نرخ 17 درصد از تاريخ 7 تا 12 مردادماه در شعب بانك كشاورزي استان فارس
spam, حميد ماهي‌صفت بمب خنده ايران براتون كلي لطیفه داره! جوک‌های جديدی كه تاحالا نشنيدي رو با شماره‌گيري 99221010 گوش كن و كلي بخند  هر دقیقه 500 تومان
spam, هديه ما به شما 30گيگ اينترنت رايگان همراه اول در ماي اپس براي دانلود بهترين فيلمها و لينك دانلود آنها به صورت روزانه قرعه كشي ماهيانه  سفرخارجي، گوشي آيفون7، گوشي گلگسي8 با ارسال 2
spam, آنتالیا1290 تفلیس790 تفلیس+باتومی1690 مشهد335 کیش300 قشم480 02184278
spam, مشترک گرامی به راحتی زبان انگلیسی را بیاموزید  کافیست عضو مؤسسه مجازی آموزش زبان انگلیسی لینگونت شوید  کافیست عدد ۱ را به همین شماره ارسال نمایید 
spam, دکتر دهدشتی [30 07 17 1347] واریز1000تومن شارژرایگان درون برنامه درجشنواره گردشگری فقط باارسال 6 تا پایان امروز اپ گردشگر قرعه کشی ویلادبلکس اشتراک روزی سیصدتومن
spam, دکتر دهدشتی [30 07 17 1922] این داستانِ چهار فصل نیست، این داستان،‌ هفت فصل دارد  تازه ترین اثر حسین علیزاده،‌ * غمنومه ی فریدون * در هفت فصل منتشر شد  در ریتم،‌ آن را دریافت کنید  لینک دریافت  http//bit ly/2uNIvdd
spam, دکتر دهدشتی [30 07 17 1923] هدیه رایگان اپ دوربین را خودتان انتخاب کنید 1  شارژ هزار تومانی 2  اینترنت رایگان فقط امروز با ارسال گزینه اشتراک روزی سیصد تومن
spam, دکتر دهدشتی [30 07 17 2007] برات کلی آهنگ و جایزه داریم، با ارسال رایگان 1 این فرصت رو از دست نده
spam, دکتر دهدشتی [31 07 17 1357] شمابرنده 1000تومن شارژ رایگان می شوید فقط امروز تاییدودریافت باارسال1ونصب اپ همگردی+قرعه کشی ویلای 250میلیون تومنی عضویت روزی300تومن
spam, اینترنت 3G را گران نخرید پیشنهاد ویژه امروز بسته ی 600 مگابایتی (یک هفته ای) + 2 4 گیگابایت شبانه فقط با قیمت 70000 ریال است  در صورت تمایل به خرید، عدد 2 را پیامک کنید  در غیر این صورت منتظر پیشنهادهای روزهای آینده بمانید * اگه نمی خوای همراهمون باشی پیام L  رو بفرست هزینه پیام 100تومان پشتیبانی ۰۲۱۴۱۹۵۷  * برگزار کننده بییپ
spam, مجله همراه شارژ رایگان ارسال1به30576 *  * روستای پیته نو روستایی از توابع بخش یانه ‌سر شهرستان بهشهر در استان مازندران ایران می باشد چشمه معروفی به نام افرابن با آبی خنک و گوارا در داخل روستا جاری است که مورد استفاده عموم قرار می‌گیرد * ادامه با ارسال 11 * لغوارسالL پشتیبانی رویال 02186081659 هزینه صدوبیست تومن
spam, بازی سین جیم یه راهنمایی دیگه این شهر پایگاه آغامحمدخان کمی پیش از تاجگذاری قاجار بوده است  - - - - اگر شب ها همه قدر بودی، شب قدر بی قدر بودی  سعدی کلمه ای که حدس زدی رو بفرست 120 تومان لغو با ارسال 0 به 737866 پشتیبانی یارا02142570290
spam, امروزو با پیشوازهای پرطرفدار عالی تر از همیشه شروع کنین پس همین حالا کدهای زیر رو به 7575 ارسال کنید  حامد همایون/چتر خیس/146 مهدی یراحی/ منو رها کن/147 مهدی احمدوند/ بگو من کجام /148  قیمت 300تومن با شماره گیری*777# به دوستانتان پیشواز هدیه دهید
spam, مجموعه ای از فیلم های کلاسیک هم اکنون در «لنز» چیتی چیتی بنگ بنگ، دوازده مرد خشمگین، و     با اینترنت رایگان اپلیکیشن http//i3l ir/getlenz
spam, جدیدترین آموزش فوتبالی+مهارتهای مسی و رونالدو+عکس عضویت باارسال1 سرویس مدرسه فوتبال قیمت120تومان
spam, پژو 206 با 5 میلیون تومان تخفیف به همراه 50٪ تخفیف روی کالاهای هیجان انگیز شروع شد https//www digikala com/mtn
spam, این پیام رایگان است به بازی بازی سین جیم خوش آمدید 10 رو به 737866 بفرست تا بازی شروع شه یه کلمه در نظر گرفتم! راهنماییت میکنم باید حدس بزنیش! تعداد راهنمایی کمتر=امتیاز بیشتر اطلاعات بیشتر در www irancell ir 120 تومان لغو با ارسال 0 به 737866 پشتیبانی یارا02142570290
spam, رمضان امسال می‌تونی برنده تویوتا شاسی بلندCHr بشی کافیه رو لینک زیر بزنی و عضو یکی ازسرویس‌های کمپین بشی http//charkhoneh com/s/2453
spam, آموزش زبان انگلیسی نصرت بدون نیاز به استاد و کلاس-روزی نیم ساعت دانلود از لینک زیر http//charkhoneh com/s/2485
spam, از بقیه جا موندی که! خب ۱ رو بفرست تا تو هم آخرین خبرای نقل و انتقالات لیگ های برتر دنیا رو داشته باشی سرویس خبر ورزشی  پیامی۳۵تومن
spam, روز عید فطر شرکت در قرعه کشی خودرو 206 رو از دست ندهید! ثبت قطعی شماره با ارسال 1 عضویت سرویس ستاره شو 75 تومن
spam, فقط امروز فیلم2017 و 1000شارژهزاری  دریافت تا24ساعت اشتراک=1 سیمای‌همراه هروزسیصدتومن رهپو
spam, یکی از6میلیون برنده  رمضان باشید ارسال1 به2039 روزانه 1گوشی هواویP10 1کارت هدیه1میلیون ت خریدبامیلو روزی300تومن https//goo gl/Xz0XoB
spam, ✋️مــــظلوم کربــــــــلا حســــــــین(ع)✋️ با ارسال 1 به همین شماره، کارت ویزیت خاص محرمی داشته باشید و با گرامیداشت این ماه،با مخاطبان خود تماس بگیرید فعالسازی بسته ماهانه 600ت
spam, یکی از6میلیون برنده جشن رمضان باشید باارسال1 به2041 TapSongاپ موزیک روزانه 1گوشی هواویP10 1کارت هدیه1میلیون ت خریدبامیلو روزی300تومان
spam, هرروز1گوشی هوآوویp10 عضویت بازیک با ارسال1 روزی300تومان3روز اول رایگان
spam, امروزهرتراکنش از *733# وآپ =10شانس درقرعه کشی گوشی گلکسیS8وآیفون7
spam, تعویض رایگان مودم وایمکس باTD-LTE ثبت درخواست در shop irancell ir/swap *با تحویل رایگان*
spam, یه فکر بکر! 5 نفر از دوستانت رو به ساعت خوش دعوت کن تا شارژ 10000 ریالی بگیری  عضویت با ارسال عدد1 روزی 300 تومن
spam, *1000شارژ بین همه * جهت اشتراک و دریافت شارژ10000ریالی عدد 1 را بصورت رایگان ارسال فرمایید اپلیکیشن روزی سیصدتومنی بازی پرو
spam, شارژ 1000 تومانی می خوای؟ 5000 تا شارژ رایگان داریم! همین الان 1رو بفرست! با عضویت در سرویس اکسیر، ،پیامی120 تومن
spam, *اطلاعیه فوری* برای شرکت در قرعه کشی گوشی سامسونگ A5 با ارسال رایگان 1 در سرویس رخصت عضو شوید 100 تومن
spam, آیفون7نداری؟عدد1روبفرست شاید تو برنده شدی عضوسرویس تندرستی شو120تومان
spam, جایزه ویژه 120 میلیون تومان نقد برای شرکت در مسابقه بزرگ ورزشی، همین حالا 1 را به 7778 ارسال کنید  شما با شرکت در مسابقه می توانید برنده 120 میلیون تومان شوید  این پیشنهاد محدود است
spam, دنیای ِ ما اندازه ی ِ هم نیست،من خیلی وقته است ساکتم سردم وقتی که میرم تو خودم شاید پاییز ِ سال ِبعد برگردم پیش فروش آلبوم جدید پاییز سال بعد از رستاک،هم اکنون در برنامه ریتم دانلود از http//i3l ir/ritm7
spam, بافعالسازی پیام پیشوازایرانسل ازبچه های المپیکی حمایت کن وپنج میلیون تومن وجه نقد برنده شو! فعالسازی ماهانه ارسال1به این شماره 450ت
spam, *فقط امروز* طرح بسته ترکيبي رايگان (20مگ اينترنت+500تومان شارژ) براي شماباثبت نام درسامانه فدراسیون کشتی و ارسال1 فعال مي شود 100تومان
spam, سلام خوبی؟دلت گرفته؟ اینایی که میگم وامتحان کن اول عدد1رو بفرست بعد چشماتوببند بعدش نیت کن، جواب فالت روازحافظ میگیری نودونه تومان
spam, حاوی کلی ویتامین ث؟ 1-توت فرنگی 2-به عضویت درسرویس سلامتی صدوبیست تومن
spam, امروزروزشماره شماست 9366094898 تبریک به صاحب خط 100 MB اینترنت رایگان باارسال1به84888 24ساعت بعددریافت کنید عضویت سرویس دین120تومن
spam, دنیای انیمیشن و کارتن برنامه آموزشی متنوع با زوم ایرانسل، فیلم خوب ببین، کیا اسپورتیج ببر) دانلود رایگان از http//ow ly/Pgo4z
spam, محسن چاوشی از امیر بی گزند می گوید  شیدایی 912 چنگیز 913 پریشان 342 امیر بی گزند 343 متصل  344 ارسال کد پیشوازبه7676 قیمت300تومان شماره گیری(کدآهنگ)77به آهنگ مورد علاقه ات گوش کن و نصب کن
spam,  دلتنگم و دیدار تو درمان من است  ترانه عشق/301 به طاها به ياسين/314 ارسال کد به 7676 300تومان شماره گیری(کدآهنگ)77به آهنگ مورد علاقه ات گوش کن و نصب کن
spam, بازی پرطرفدار Larva Crush دانلود رایگان از بازیک http//goo gl/gj8mdL
spam, مشترک عزیز شما واجدشرایط دریافت دوبسته اینترنتی 20مگابایتی وِیژه عیدتا عیداز سرویس پازل شدید با ارسال1به 84831 آن رافعال کنید 150تومان
spam, فاضل کلاس مکالمه زبان صددرصدتضمینی ترمیک2سال فشرده4یا9ماهه 07132338259
spam, تحویل فوری باتسهیلات قرض الحسنه در جشنواره تابستانه محصولات گروه سایپا
spam, فروشگاه بزرگ اكسير شروع حراج بزرگ تابستان مبلمان،تزئينات تهران 0218733
spam, * اپلیکیشن آوا یک قدم جلوتر از بقیه * جدیدترین آلبوم های موسیقی  با ارسال 1 موسیقی و فراتر ازآن * با قرعه کشی خودرو 206 *
spam, لذت محض یادگیری انگلیسی! توسط سرویس نبشت فقط با 10 دقیقه زمان در روز زبان انگلیسی خود را تقویت کنید و در قرعه کشی  جایزه 100000000 ریالی شرکت کنید  با ارسال 1 به 305058
spam, دوست عزیز برای عضویت در سرویس ویدئویی تاملی (ویدئو HD آشپزی) عدد 1 را به همین شماره ارسال کنید  در این اپلیکیشن روش پخت انواع غذاهای ایرانی و بین المللی بصورت ویدئو با کیفیت قرار داده شده است  ****از طرفی شما شانس برنده شدن ماهانه 10 شارژ 10000 ریالی به قید قرعه دارید ****  با ارسال 1 به همین شماره
spam, چهارمین ماراتون برنامه نویسی تلفن همراه کشور 23 الی 25 شهریور ماه دانشگاه صنعتی شریف جهت کسب اطلاع بیشتر http//mpm sharif ir/ https//telegram me/sharifIT
spam, مشترک گرامی با اپلیکیشن تخفیف اول از بیشترین تخفیف‌های کالا و خدمات فروشگاه‌های اینترنتی باخبر شوید  جهت عضویت عدد 111 را به همین شماره پیامک کنید 
spam, هایپراستار 8و5/9 پاکبان دوغ قوطی6ع40%ت فلاسک ست قاشق چنگال21ع 99000ت
spam, با خرید سیم کارت جدید یا استفاده مجدد از سیم کارتی که بیش از 3 ماه غیرفعال بوده است، در قرعه کشی 1000 گوشی هوشمند نسل 4 5 شرکت کنید 
spam, یه پیشنهاد به صرفه با شماره گیری *1000*1# از پیشنهاد بسته مکالمه خود مطلع شده و با مکالمه دقیقه ای 16 تومان، بیش از 70% تخفیف بگیرید 
spam, هر هفته یک موتور 1000 به ارزش 1000 میلیون ریال با استفاده از بسته های آلفا+ اینترنت همراه نوترینو خرید بسته با شماره گیری *100*2#
spam, سرویس کتاپ بدون قرعه کشی بن تخفیف بامیلو بگیرید ارسال1 به 2039  300ت
spam, تبريک! 20 امتياز ايرانسلي به دليل استفاده از اپليکشن ايرانسل من به شما تعلق گرفت  فقط تا پايان اين ماه فرصت داريد تا امتيازات خود را ازطريق کد #1*310* و يا از قسمت امتياز من در ايرانسل من به جايزه تبديل کنيد
spam, تبريک! شما 14گيگ اينترنت همراه 14 روزه به دليل تغييرسيمکارت خود به LTE دريافت کرديد  اطلاع از باقيمانده حساب  #33*141*
spam, تبريک! 20 امتياز ايرانسلي به دليل استفاده از اپليکشن ايرانسل من به شما تعلق گرفت  فقط تا پايان اين ماه فرصت داريد تا امتيازات خود را ازطريق کد #1*310* و يا از قسمت امتياز من در ايرانسل من به جايزه تبديل کنيد
spam, فاضل کلاس صددرصدتضمینی EPT MSRT چهارشنبه17الی21 آغاز4مرداد 07132338259
spam, فاضل گروه4آمادگی آزمون MSRT EPT پنج شبه 14تا18 آغاز12مرداد 07132338259
spam, تنظیمات اینترنت همراه گوشی شماارسال شد لطفا آنرا ذخیره نموده ودرصورت نیازبه رمز، 1234را وارد کنید  تبدیل سیمکارت به4Gبا کد #34*555*  Internet configurations for your phone were sent  Please save them & if a password was needed enter 1234  Dial*555*34# to swap your SIM to 4G 
spam, بسته ویژه 2گیگابایتی، 5000تومان خرید *5# مهلت استفاده تاپایان6مرداد
spam, مشترک گرامي،بسته يکماهه 3 گيگابايت  با هزينه 130000 ريال فعال شد  براي استفاده از بسته اينترنتي خود، اينترنت دستگاه خود را يکبار خاموش و مجددا روشن کنيد  اطلاع از حساب اينترنت همراه با شماره گيري کد زير و يا ازطريق برنامه کاربردي ايرانسل من دانلود از  http//irancell ir/myirancell *555*1*4*1#
spam, مشترک گرامي شارژ الکترونيکي انجام شد ريال  < مبلغ ريال 179 تا  1396/05/04حساب اصلي ريال 45872>اعتبار شما براي شارژ عادي عبارتست از  *7# خريدآسان شارژ با شماره گيري
spam, 10 برابر اعتبار مکالمه ایرانسلی با بسته های 1 روزه، 7 روزه و 30 روزه! همین حالا می توانید پیشنهاد خاص خودتان را از *4444*1#
spam, ایرانسلی عزیز شما می توانید با نصب رایگان برنامه ایرانسل من و دعوت از دوستانتان به این برنامه 1 روز اینترنت نامحدود هدیه بگیرید! دانلود رایگان ایرانسل من http//irancell ir/dlmyicl
spam, 6000 تومان اعتبارمکالمه 30روزه تنها باخریدبسته600تومانی *4444*1*4#
spam, 1گیگابایت اینترنت رایگان برای شماودوستانتان! شماره دوستان ایرانسلی خودرابه3116بفرستیدودعوت کنید سیمکارتشان را4Gکنند 
spam, 892810 کلمه عبور ورود به سیستم تنظیمات اینترنت همراه ایرانسل
spam, پیشنهاد های امروز ما برای آهنگ پیشوازی شما ارسال کد به 7575 فرزاد فرزین /عاشقانه/  68 فرزاد فرزین /عاشقانه 2/  69 فریدون آسرایی/ستگدل / 70 قیمت 300 تومان
spam, با ارسال کدهای زیر به 7575 پیشوازهای هفتگی داشته باشید (میلاد بیکدلو/ بـاران)24 (مرتضی پاشایـی/ قلبم رو تکراره) 26 (علیرضا طلیسچی/نمیخوامت)88 قیمت 126تومان یک هفته
spam, برای 9367912866فقط امروز 1000تومان شارژ رایگان  در پلان با ارسال 3 عضویت روزانه 300 تومان
spam, قبض964 آبونمان6300 مکالمه52998 پيام کوتاه3738 صندوق صوتي1245 صورتحساب64281 ماليات5785 بدهي76622 کسر هزار ريال688 قابل پرداخت146000 ريال ش ق7792464309054 ش پ14662400 دريافت جزئيات کارمزد خدمات با ارسال C و دريافت جزئيات خدمات مبتني بر محتوا و دولت الکترونيک با ارسال K
spam, با شماره گیری #۴۴۴۴*  طرحی خاص به شما پیشنهاد می کنیم که با استفاده از آن می توانید در هزینه های مکالمه و اینترنت خود صرفه جویی کنید 
spam, یک گیگ اینترنت یک روزه جایزه بگیر! کافیه به اپلیکیشن ایرانسل من بری و دوستتو به «لنز» دعوت کنی
spam, پیشنهادویژه 10برابراعتبارمکالمه#4444*1*
spam, بانک قرض الحسنه مهر ايران حساب 4827-700-3759336-1 مبلغ2273000+ انتقال از اينترنت مانده2413000 تاريخ1396/5/4 ساعت1034
spam, دسترسی به کلی فیلم و سریال به همراه یک هدیه خوشمزه با خرید اشتراک ماهانه «لنز» 60% مبلغ اشتراک را برای سفارش غذا از اپلیکیشن «اسنپ‌فود» هدیه بگیرید لینک دانلود رایگان اپلکیشن  http//i3l ir/lenznap
spam, تمام قصه در یک شب میگذرد شبی پر از خیال و اتفاقات عجیب! مادر قلب اتمی با هنرنمایی محمدرضا گلزار، ترانه علیدوستی و پگاه آهنگرانی هم اکنون در «لنز» لینک دانلود رایگان اپلکیشن http//i3l ir/getlenz
spam, کانال تلگرام «لنز» دسترسی آسان به جدیدترین فیلم ها و سریال ها http//t me/lenz_IPTV
spam, با کمک به ادامه تحصیل دانش آموزان نیازمند، دلی را شاد کنیم و حسرتی را کمرنگ  همراهی پرمهر شما در جشن عاطفه ها از طریق شماره گیری کد *8877*1# و یا مراجعه به سایت www emdad ir کمیته امداد امام خمینی(ره)
spam, حماسه ملت ایران در دفاع مقدس، نمایشگر ظرفیت های انسانی مردم این سرزمین خدایی است  مقام معظم رهبری
spam, بن تخفیف خرید اینترنتی کالا برای همه فقط با دانلود هر یک از آهنگ های پیشواز زیر با ارسال کد به 7575 فرزاد فرزین/عاشقانه/65 محمد علیزاده/ عشقم این روزا/71 علیرضا طلیسچی/نمیخوامت/88 قیمت 126تومان یک هفته
spam, بن تخفیف خرید اینترنتی کالا برای همه فقط با دانلود هر یک از آهنگ های پیشواز با ارسآل کد به 7575 بهترین های هوروش بند به کی پز می دی/ 34 به کی پز می دی2/ 35 یادتومی‌افتم/ 97 قیمت 126تومان یک هفته
spam, بن تخفیف خرید اینترنتی کالا برای همه فقط با دانلود هر یک از آهنگ های پیشواز زیر با ارسال کد به 7575 فرزاد فرزین/عاشقانه/65 محمد علیزاده/ عشقم این روزا/71 علیرضا طلیسچی/نمیخوامت/88 قیمت 126تومان یک هفته
spam, جشنواره تابستانی سرویس آهنگ پیشواز ایرانسل سفر هفتگی به مالزی با دو همراه با ارسال کد به 7575 بهترین های ماکان بند این خیابونا/58 شیک/88 چشمای تو/28 قیمت 126تومان یک هفته
spam, جشنواره تابستانی سرویس آهنگ پیشواز ایرانسل سفر هفتگی به مالزی با دو همراه با ارسال کد به 7575 بهترین های بهنام بانی عاشقم کرده/77 عاشقم کرده قطعه دوم/78 همه دنیام/67 بسمه/68 قیمت 126تومان یک هفته
spam, مشترک شماره989367912866!دریافت قطعی شارژ1000تومنی بادعوت از2دوست در سرویس شیپور عضویت ارسال عدد1 100تومن
spam, مشترک عزیز، بسته  ماهانه«پیام پیشواز»شما تا24ساعت دیگرتمدید میشود درزمان تماس دوستانتان، باشکلک‌های دوست داشتنی D، ازآنهااستقبال کنید یاکسب وکارخودرامعرفی نمایید  به سادگی به روزرسانی پیامهادرشبکه های اجتماعی، میتوانیدپیامهای متنوعی رابه 8585بفرستیدتادرگوشی تماس گیرندگانتان نمایش داده شود  برای تغییر متن پیام پیشواز به اپلیکیشن ایرانسل من مراجعه کنید  http//i3l ir/myirnct هزینه تمدیدبسته450تومان لغوارسال0به8585
spam, یه شارژ هزاری مهمون ما! فقط امروز،بدون قرعه کشی برای همه،عدد 1 رو بفرست و شارژتو بگیر سرویس تخت گاز، قیمت روز خودرو عضویت روزی100تومن
spam, 1000تومان شارژ،بدون قرعه کشی هدیه به مشترک9367912866 دریافت باارسال1و دعوت از3نفر تخت گاز ترفندهای مراقبت ازخودرو عضویت درسرویس100تومان
spam, 1000تومن شارژبرای شماره9367912866 دریافت باارسال 1ودعوت از3نفر درتخت گاز از آخرین نوسانات بازارخودرومطلع شو عضویت در سرویس100تومان
spam, طرفدارای کدوم تیم بیشتره؟ استقلالیا4 پرسپولیسیا6 روارسال کنید وبا حمایت روزانه دویست تومنی و عضویت در قرعه کشی پورشه باکستر شرکت کنید
spam, پرشورهای آذری برای حمایت از تیممان همین حالا عدد3 رو ارسال کنیم و درقرعه کشی پورشه باکستر شرکت نماییم هواداری و عضویت روزی دویست تومن
spam, پرچممون بالاست! استقلالیا برای هواداری از تیممان 4روبه3090بفرستیدوباحمایت روزانه دویست تومنی وعضویت درقرعه کشی پورشه باکستر شرکت کنید
spam, هواداران به پا خیزید! استقلالیا 4 پرسپولیسیا 6 رو ارسال کنید و با حمایت روزانه دویست تومنی و عضویت در قرعه کشی پورشه باکستر شرکت کنید
spam, پورشه باکستر جایزه هواداری ازتیم محبوبتان برای عضویت و حمایت روزی 200تومنی پرسپولیسیا 6 استقلالیا 4 تراکتوریا 3 رو به3090ارسال کنید 
spam, هر دو هفته یک دستگاه IPHONE7 در مسابقه آنلاین کیو و شرکت در قرعه کشی جایزه بزرگ 3 میلیارد ریالی با ارسال عدد 1 به سرشماره 30706
spam, سرویس کارت ویزیت ایرانسل سفر7روزه مالزی ببر عضویت ارسال1به9595 600تومن
spam, مشترک گرامی بسته کارت ویزیت شما با موفقیت غیرفعال شد   اطلاع از متن کارت ویزیت فعال با ارسال CC به 9595  برای تغییر متن کارت ویزیت خود، پیام دلخواهتان را به 9595 ارسال نمایید 
spam, مشترک گرامی، بسته کارت ویزیت شما با موفقیت به روزرسانی شد  بسته فعلی پیام کارت ویزیت شما 11(شعر نو)  می باشد 
spam, مشترک گرامی عضویت شما  در سرویس کارت ویزیت ایرانسل با موفقیت تایید شد  شماره شما برای شرکت در قرعه کشی جشنواره تابستانی سفر 7 روزه به مالزی با دوهمراه ثبت شد  برای لغو عضویت 0 را به 9595 ارسال نمایید 
spam, نتیجه فال حافظ شما بزودی ارسال خواهدشد نیت کن عدد 1 رو به همین شماره بفرست با آرزوی بهترین ها عضویت درسرویس حافظ صدتومان
spam, تخفیف50% آموزش تصویری زبان انگلیسی نصرت ارزان،سریع ومثل آب خوردن انگلیسی صحبت کنید دانلود از لینک زیر http//charkhoneh com/s/2485
spam, شانس برنده شدن 4 دستگاه PS4 فقط با نصب رایگان مارکت چارخونه http//charkhoneh com/s/2698
spam, دریافت4000 تومن شارژ ایرانسل (با دعوت 4نفر) بدون قرعه کشی با نصب رایگان مارکت چارخونه http//charkhoneh com/s/2697
spam, تبریک! 1000 تومان شارژ هدیه برای شماره9367912866 دریافت با ارسال عدد1،فقط امروز سرویس جار، اخبار سیاسی روز عضویت روزی35تومان
spam, *تبریک* شما میتوانید برنده یکی از1000شارژ1000 تومنی رایگان باشید  شانستو امتحان کن روزی300تومن تاییددریافت وعضویت،ارسال 1نصب اپ فانوس
spam, مشترک گرامي، ضمن تشکر از پرداخت صورت حساب، شما مي توانيد با پرداخت غيرحضوري قبض خود تا پايان روز بيستم هر ماه  مشمول هديه يک روز مکالمه رايگان درون شبکه شويد 
spam, مشترک گرامي؛ جهت دريافت تنظيمات گوشي به آدرس mci ir www  مراجعه  و يا با 09990 تماس بگيريد 
spam, قبض شما با موفقيت پرداخت گرديد هر خريد از #1*   يک شانس شرکت در قرعه کشي ماهيانه پژو 206
spam, همراه اول – ستاره اول به #1* خوش آمديد از انتخاب شما جهت استفاده از اين سامانه سپاسگزاريم مرکز تماس (09129990 ) 9990 WWW MCI IR
spam, چطور به خواسته های نامعقول و غیرمنطقی دیگران نه بگوییم؟ ارسال عدد1 و عضویت در سرویس آموزش بهداشت روانشناسی پیامی100تومان
spam, ارسال شارژهدیه به دوستانتان با شمارگیری #1*142*
spam, مشترک989367912866 سلام رامبد جوان هستم حالتون چطوره؟ برای شما یک پیام صوتی ارسال کردم  شنیدن پیام وعضویت درسرویس هنر باارسال1 120 تومن
spam, *بانک تجارت  بانک فردا* تبریک صمیمانه مارا در سالروز تولدتان پذیرا باشید 
spam, خواندنی ترین مطالب جذاب در اپلیکیشن با خبر دانلود کن، سفر 7روزه به مالزی برنده شو لینک دانلود از بازار http//bit ly/Ba-Khabar
spam, با دانلود اپلیکیشن رایگان باخبر، برنده سفر7 روزه به مالزی باش  اخبارداغ روزانه و مقالات جذاب لینک دانلود http//bit ly/Bakhabar
spam, مشترک عزیز 09367912866 سرویس Business Card ، شما برنده بن تخفیف بامیلو به ارزش 15هزار تومان در ازای خرید 100 هزارتومان از جشنواره تابستانی ایرانسل شده اید  کد خرید bml7070_7b09138ffc تاریخ اعتبار 08 مهرماه 96 با مراجعه به http//bml re/mtn-r میتوانید از هدیه خود استقاده کنید 
spam, مشتري گرامي با آرزوي سعادت و سلامتي براي شما در سالروز تولدتان بانک ملت
spam, می خوای عمر ماشینت طولانی بشه؟ تخت گاز،ترفندهای مراقبت از خودرو 1000تومان شارژ برای همه باارسال1و دعوت از3نفر عضویت درسرویس100تومان
spam, همراه گرامی اگر تاکنون سیم کارت خود را با سیم کارت نسل 4 و 4 5 (یوسیم) تعویض نکرده اید، با ارسال کد پستی 10 رقمی خود به سرشماره 8962 و یا مراجعه به دفاتر خدمات مشتریان یا فروشگاه های همراه اول، علاوه بر دریافت رایگان یوسیم، از اینترنت هدیه 15 گیگابایت (مشترکین اعتباری) و 20 گیگابایت (مشترکین دایمی) بهره مند شوید  همراه اول
spam, کلاسهای تعاونی علمی آموزشی دانشگاه امیرکبیر ثبت نام+اطلاعاتWWW TAUTCO IR آخرین مهلت14مهرماه زبانتافل-آیلتس-مکالمه نرم افزارهای عمومی و تخصصی تلگرام https//goo gl/Fotkpe 02166496230 02166413523
spam, مدیریت هزینه با بسته های4G ایرانسل 4گیگ ماهانه 16500تومان *555*5*3*15#
spam, شاید تو برنده شده باشی! اسامی برندگان قرعه کشی ایرانسل را در  http//i3l ir/barandeha مشاهده کنید 
spam, تنظیمات اینترنت همراه گوشی شماارسال شد لطفا آنرا ذخیره نموده ودرصورت نیازبه رمز، 1234را وارد کنید  تبدیل سیمکارت به4Gبا کد #34*555*  Internet configurations for your phone were sent  Please save them & if a password was needed enter 1234  Dial*555*34# to swap your SIM to 4G 
spam, صعود غرور افرين تيم فوتبال پرسپوليس به مرحله نيمه نهايي جام باشگاههاي اسيا مبارك باد  ايرانسل حامي پرسپوليس در جام باشگاههاي اسيا
spam, همراه گرامي محسن رحمانيان مقدار 3 امتياز ويژه پرداخت قبض به حساب باشگاه فيروزه اي شما واريز شد  براي اطلاع از نحوه کسب امتيازات و مشاهده جوايز متنوع، به اپليکيشن يا پرتال همراه من به آدرس my mci ir بخش باشگاه فيروزه اي مراجعه نماييد  باشگاه فيروزه اي - باشگاه  مشتريان همراه اول
spam, مشترک9367912866 شمابرنده شارژ1000تومانی شدی 1 رو بفرست و۳تا ازدوستات رودعوت کن سرویس سینماتیکت،اخبارهنرمندان عضویت روزی120تومان
spam, مشترک9367912866 شماره شما به لیست قرعه کشی مرداد سرویس یادگیری اگلیسی اضافه شد برای تایید اشتراک1را به 737944بفرستید پیامی ۱۵۰تومان
spam, مالک خط9367912866 شما یک فایل تصویری دیده نشده دارید  دریافت باارسال1درغیراینصورت پیغام حذف می شه سرویس ایران دورت بگردم 150تومن
spam, بازی استراتژیک پسرخوانده همراه با 50 MBاینترنت رایگان دریافت هدیه تا فردا با نصب بازی پسرخوانده #با ارسال1 عضویت روزی سیصد تومن
spam, برگزاری دوره MBA  گرایشهای مدیریت اجرایی و بازاریابی، اعطای گواهینامه معتبر با تایید وزارت علوم، تحقیقات و فناوری سازمان مدیریت صنعتی ۳۲۲۸۵۰۴۵ داخلی ۱۱۴ و ۱۱۷
spam, آقا/خانم  محسن رحمانيان سلام، لطفا نسبت به تکمیل موجودی سپرده های پس انداز خود حداقل به میزان 20/000 تومان تا تاریخ 1396/06/23 جهت حضور در قرعه کشی اقدام فرمایید  بانک انصار، بانک تمام الکترونیک
spam, فاضل کلاس مکالمه زبان صددرصدتضمینی ترمیک2سال فشرده4یا9ماهه 07132338259
spam, تحویل فوری باتسهیلات قرض الحسنه در جشنواره تابستانه محصولات گروه سایپا
spam, فروشگاه بزرگ اكسير شروع حراج بزرگ تابستان مبلمان،تزئينات تهران 0218733
spam, * اپلیکیشن آوا یک قدم جلوتر از بقیه * جدیدترین آلبوم های موسیقی  با ارسال 1 موسیقی و فراتر ازآن * با قرعه کشی خودرو 206 *
spam, لذت محض یادگیری انگلیسی! توسط سرویس نبشت فقط با 10 دقیقه زمان در روز زبان انگلیسی خود را تقویت کنید و در قرعه کشی  جایزه 100000000 ریالی شرکت کنید  با ارسال 1 به 305058
spam, دوست عزیز برای عضویت در سرویس ویدئویی تاملی (ویدئو HD آشپزی) عدد 1 را به همین شماره ارسال کنید  در این اپلیکیشن روش پخت انواع غذاهای ایرانی و بین المللی بصورت ویدئو با کیفیت قرار داده شده است  ****از طرفی شما شانس برنده شدن ماهانه 10 شارژ 10000 ریالی به قید قرعه دارید ****  با ارسال 1 به همین شماره
spam, چهارمین ماراتون برنامه نویسی تلفن همراه کشور 23 الی 25 شهریور ماه دانشگاه صنعتی شریف جهت کسب اطلاع بیشتر http//mpm sharif ir/ https//telegram me/sharifIT
spam, مشترک گرامی با اپلیکیشن تخفیف اول از بیشترین تخفیف‌های کالا و خدمات فروشگاه‌های اینترنتی باخبر شوید  جهت عضویت عدد 111 را به همین شماره پیامک کنید 
spam, هایپراستار 8و5/9 پاکبان دوغ قوطی6ع40%ت فلاسک ست قاشق چنگال21ع 99000ت
spam, با خرید سیم کارت جدید یا استفاده مجدد از سیم کارتی که بیش از 3 ماه غیرفعال بوده است، در قرعه کشی 1000 گوشی هوشمند نسل 4 5 شرکت کنید 
spam, یه پیشنهاد به صرفه با شماره گیری *1000*1# از پیشنهاد بسته مکالمه خود مطلع شده و با مکالمه دقیقه ای 16 تومان، بیش از 70% تخفیف بگیرید 
spam, هر هفته یک موتور 1000 به ارزش 1000 میلیون ریال با استفاده از بسته های آلفا+ اینترنت همراه نوترینو خرید بسته با شماره گیری *100*2#
spam, سرویس کتاپ بدون قرعه کشی بن تخفیف بامیلو بگیرید ارسال1 به 2039  300ت
spam, تبريک! 20 امتياز ايرانسلي به دليل استفاده از اپليکشن ايرانسل من به شما تعلق گرفت  فقط تا پايان اين ماه فرصت داريد تا امتيازات خود را ازطريق کد #1*310* و يا از قسمت امتياز من در ايرانسل من به جايزه تبديل کنيد
spam, تبريک! شما 14گيگ اينترنت همراه 14 روزه به دليل تغييرسيمکارت خود به LTE دريافت کرديد  اطلاع از باقيمانده حساب  #33*141*
spam, تبريک! 20 امتياز ايرانسلي به دليل استفاده از اپليکشن ايرانسل من به شما تعلق گرفت  فقط تا پايان اين ماه فرصت داريد تا امتيازات خود را ازطريق کد #1*310* و يا از قسمت امتياز من در ايرانسل من به جايزه تبديل کنيد
spam, فاضل کلاس صددرصدتضمینی EPT MSRT چهارشنبه17الی21 آغاز4مرداد 07132338259
spam, فاضل گروه4آمادگی آزمون MSRT EPT پنج شبه 14تا18 آغاز12مرداد 07132338259
spam, تنظیمات اینترنت همراه گوشی شماارسال شد لطفا آنرا ذخیره نموده ودرصورت نیازبه رمز، 1234را وارد کنید  تبدیل سیمکارت به4Gبا کد #34*555*  Internet configurations for your phone were sent  Please save them & if a password was needed enter 1234  Dial*555*34# to swap your SIM to 4G 
spam, بسته ویژه 2گیگابایتی، 5000تومان خرید *5# مهلت استفاده تاپایان6مرداد
spam, مشترک گرامي،بسته يکماهه 3 گيگابايت  با هزينه 130000 ريال فعال شد  براي استفاده از بسته اينترنتي خود، اينترنت دستگاه خود را يکبار خاموش و مجددا روشن کنيد  اطلاع از حساب اينترنت همراه با شماره گيري کد زير و يا ازطريق برنامه کاربردي ايرانسل من دانلود از  http//irancell ir/myirancell *555*1*4*1#
spam, مشترک گرامي شارژ الکترونيکي انجام شد ريال  < مبلغ ريال 179 تا  1396/05/04حساب اصلي ريال 45872>اعتبار شما براي شارژ عادي عبارتست از  *7# خريدآسان شارژ با شماره گيري
spam, 10 برابر اعتبار مکالمه ایرانسلی با بسته های 1 روزه، 7 روزه و 30 روزه! همین حالا می توانید پیشنهاد خاص خودتان را از *4444*1#
spam, ایرانسلی عزیز شما می توانید با نصب رایگان برنامه ایرانسل من و دعوت از دوستانتان به این برنامه 1 روز اینترنت نامحدود هدیه بگیرید! دانلود رایگان ایرانسل من http//irancell ir/dlmyicl
spam, 6000 تومان اعتبارمکالمه 30روزه تنها باخریدبسته600تومانی *4444*1*4#
spam, 1گیگابایت اینترنت رایگان برای شماودوستانتان! شماره دوستان ایرانسلی خودرابه3116بفرستیدودعوت کنید سیمکارتشان را4Gکنند 
spam, 892810 کلمه عبور ورود به سیستم تنظیمات اینترنت همراه ایرانسل
spam, پیشنهاد های امروز ما برای آهنگ پیشوازی شما ارسال کد به 7575 فرزاد فرزین /عاشقانه/  68 فرزاد فرزین /عاشقانه 2/  69 فریدون آسرایی/ستگدل / 70 قیمت 300 تومان
spam, با ارسال کدهای زیر به 7575 پیشوازهای هفتگی داشته باشید (میلاد بیکدلو/ بـاران)24 (مرتضی پاشایـی/ قلبم رو تکراره) 26 (علیرضا طلیسچی/نمیخوامت)88 قیمت 126تومان یک هفته
spam, برای 9367912866فقط امروز 1000تومان شارژ رایگان  در پلان با ارسال 3 عضویت روزانه 300 تومان
spam, قبض964 آبونمان6300 مکالمه52998 پيام کوتاه3738 صندوق صوتي1245 صورتحساب64281 ماليات5785 بدهي76622 کسر هزار ريال688 قابل پرداخت146000 ريال ش ق7792464309054 ش پ14662400 دريافت جزئيات کارمزد خدمات با ارسال C و دريافت جزئيات خدمات مبتني بر محتوا و دولت الکترونيک با ارسال K
spam, با شماره گیری #۴۴۴۴*  طرحی خاص به شما پیشنهاد می کنیم که با استفاده از آن می توانید در هزینه های مکالمه و اینترنت خود صرفه جویی کنید 
spam, یک گیگ اینترنت یک روزه جایزه بگیر! کافیه به اپلیکیشن ایرانسل من بری و دوستتو به «لنز» دعوت کنی
spam, پیشنهادویژه 10برابراعتبارمکالمه#4444*1*
spam, مشترک گرامی،درخواست خرید بسته اینترنتی شما ثبت شد،و پس از فعال سازی از طریق پیامک به اطلاع شما خواهد رسید 
spam, بانک ملی ورود به سامانه بام 96/5/4 1031 خدمتی نو در سامانه بام، پرداخت اقساط تسهیلات ملی دیگران
spam, رمز یکبار مصرف شماره 989367912866 برای ورود 703671
spam, بانک قرض الحسنه مهر ايران حساب 4827-700-3759336-1 مبلغ2273000+ انتقال از اينترنت مانده2413000 تاريخ1396/5/4 ساعت1034
spam, بسته ویژه 2گیگابایتی، 5000تومان خرید *5# مهلت استفاده تاپایان18مرداد
spam, تبريک! 20 امتياز ايرانسلي به دليل استفاده از اپليکشن ايرانسل من به شما تعلق گرفت  فقط تا پايان اين ماه فرصت داريد تا امتيازات خود را ازطريق کد #1*310* و يا از قسمت امتياز من در ايرانسل من به جايزه تبديل کنيد
spam, تا 40 گیگا بایت اینترنت هدیه بگیرید!! خرید آنلاین محصولات دیجیتال از فروشگاه اینترنتی همراه اول https//shop mci ir
spam, لبیک اللهم لبیک پیشنهاد ویژه ایرانسل برای حجاج 10مگابایت اینترنت رایگان روزانه با شماره گیری *111*8# تعرفه ها (تومان) تماس ورودی و تماس با ایران هردقیقه 599 ارسال پیامک 299 اینترنت هرمگابایت 299
spam, سرویس کارت ویزیت ایرانسل بن تخفیف بامیلوبرای همه عضویت  ارسال1به9595
spam, بهترین های حامد همایون با ارسال کدهای زیر به 7575 پیشوازهای هفتگی داشته باشید شیدایی/41 چتر خیس/31 چنین کنم چنان کنم/81 قیمت 126تومان یک هفته
spam, با کافه سفر ،ایران رو بگرد ویلای دوبلکس برنده شو برای شرکت در قرعه کشی و تایید اشتراک روزانه سیصد تومنی عدد 1 را به 738985 ارسال کنید
spam, حالا دیگه وقتشه جَــــــــــــوونی کنی!!! 😊 با ارسال رایگان عدد 1 باعضویت در سرویس راز جوانی 120 تومان
spam, تبریک! شما واجد شرایط شرکت درقرعه کشی کارت هدیه یک میلیون ریالی هستید شرکت درقرعه کشی وتاییداشتراک سرویس صدتومنی سلام دکتر با ارسال 1
spam, رقابت وهیجان رادرنبض فوتبال دنبال کنید  عضویت دراین سرویس باارسال عدد1 قیمت99تومان
spam, جدید ترین قسمت  از سری فیلم های راکی را با اینترنت رایگان ایرانسل در لنز تماشا کنید لینک دانلود رایگان اپلیکیشن http//i3l ir/getlenz
spam, محمود به خانه ی «پیمان» میرود تا به خاطر فراری دادن  «هدیه» او را تنبیه کند قسمت چهاردهم عاشقانه هم اکنون با اینترنت رایگان ایرانسل در لنز لینک دانلود رایگان اپلیکیشن http//i3l ir/getlenz
spam, مشترک گرامی! همواره پیش از انجام تراکنش های اینترنتی از صحت آدرس وب سایت اعلام شده در پیامک ها و یا تبلیغات اینترنتی اطمینان حاصل نمایید، زیرا ممکن است این آدرس ها ظاهری موجه داشته باشند، ولی شما را به سایتی جعلی هدایت نمایند  معاونت پیشگیری از وقوع جرم قوه قضاییه 
spam, دبستان و پيش دبستاني بهاردانش باكادري مجرب عدالت جنوبي ك 52  38242758
spam, با او تمام غیر ممکن ها ممکن میشه!!! همین حا لا با ارسال عدد 1عضو سرویس هر روز با خدا شو 35تومان
spam, گرتومی خواهی مسلمان زیستن نیست ممکن جزبه قرآن زیستن عضویت درسرویس با خدا و دریافت آیه وحدیث ،روزخودراآسمانی کنید با ارسال 1 35 تومان
spam, به سرویس کارت ویزیت خوش آمدید  متن کارت ویزیت شما شب و روزتان  بخیر شماره شما برای شرکت در قرعه کشی امروز ماه مبارک رمضان ثبت شد   30 گوشی P10 30 میلیون کارت هدیه خرید و صدها هزار بن تخفیف خرید از بامیلو برای تغییر متن کارت ویزیت، متن دلخواه خود را به این شماره ارسال کنید  لغو با ارسال 0 به 9595
spam, آموزش زبان انگلیسی نصرت بدون نیاز به استاد و کلاس-روزی نیم ساعت دانلود از لینک زیر http//charkhoneh com/s/2485
spam, می‌تونی برنده تویوتا شاسی بلندCHR شی اگه عضو یکی ازسرویس‌های کمپین رمضان ایرانسل شی اطلاعات بیشتر در http//charkhoneh com/s/2481
spam, یکی از اسما رو انتخاب کن 1-مانیا 2-کيان 3-لیلا 4-امیرعلی عدد انتخابت رو بفرست نتیجه انتخابت روببین عضویت درسرویس دنیای نام ها صدتومان
spam, رویا بافی نکن باجایزه ویژه بنز کلاس A شماره کیش رانندگی کن ارسال1وثبت نام درقرعه کشی بااشتراک درسرویس صدوبیست تومانی مسافرت کجا برم؟
spam, سلام خوبی؟ با فال حافظ حالت خوب میشه؟ عدد 1 رو به همین شماره بفرست امیدوارم به آرزوهات برسی عضویت درسرویس حافظ صد تومان
spam, کارت به کارت اقتصادنوین،ملی،کشاورزی    باappآپ http//app 733 ir
spam, 🎁2000تومان شارژ رایگان 🎁 تنهابرای 1000 نفر اولی که اپلیکیشن ابرسلامت را نصب کنند  http//4khune com/s/2503
spam, یکی از6میلیون برنده جشن رمضان باشید باارسال1 به2041 TapSongاپ موزیک روزانه 1گوشی هواویP10 1کارت هدیه1میلیون ت خریدبامیلو روزی300تومان
spam, 👴 👴 «بابا قهرمانه»!👴 👴 با پیام پیشواز، روز پدر را متفاوت تبریک بگویید فعالسازی با ارسال 1 به 8585، 450ت تبریک روز پدر با ارسال B113
spam, «پیروزی درماراتن کنکور» عضویت درسرویس ویدئویی فیزیک باارسال عدد1 ویژه اعضای جدید امروز1000تومان شارژهدیه با دریافت3محتوا پیامی120تومان
spam, دوست داری پوستت همیشه جوان باشه؟ با ارسال رایگان عدد 1 همیشه پوستی صاف و درخشان داشته باش عضویت در سرویس راز جوانی 120 تومان
spam, سلام، آهنگ پیشوازی که شنیدید،منو بارون از بابک جهانبخش  می باشد  برای فعالسازی این آهنگ، 0 را به همین سرشماره ارسال کنید  قیمت300تومان
spam, جشنواره پاییزی گلها شروع شد میدان تجریش،فروشگاه بهار ۰۲۱۶۶۶۶۶۶۶۶
spam, بورس انواع لباسهای پسرانه کیفیت عالی قیمت مناسب ملایر پاساژ شهر نوروز ۰۹۳۵۳۶۴۴۵۸۷
spam, ایا میدانید بزرگترین روز سال چه روزی است ؟ با ارسال عدد 1 به 2020 عضو شو و هر روز شانستو برای بردن یک سکه تمام بهار امتحان کن  
spam, با عضویت در سامانه 1212 از اخبار روز دنیا با خبر بشو  
spam, با ارسال عدد 2323 از نوسانات بازار با خبر بشو  هزینه هر پیامک 200 تومن
spam, به نظرت ایرلن امشب میبره ؟ پیش بینی بازی امشب با ارسال عدد 3434 به 5050  هزینه هر پیامک 100 تومن
spam, هر روز  دیر از خواب بلند میشی ؟ با ارسال 1 به 2020 روش های مدرن یاد بگیر  
spam, با ارسال 1 به 6060 معلومات عمومی خودتون رو بالا ببرید
spam, ایا میدانستید تابستون چفدر برق تو کشور مصرف میشه ؟ با ارسال 2 به 4444 از مصرف برق کشور با خبر بشو و از شانس برنده شدن یک ماشین لباسشویی بهره مند شو  
spam, همیشه میشه خوب لباس پوشید ؟با ارسال 2 به 7788 از قوانین مد با خبر شو  
spam, قالیشویی محمدی شعبه دیگری ندارد  تلفن تماس 23148965
spam, لوازم لوکس را با ما تجربه کنید  تلفن تماس 23434567
spam, رندترین شماره ایرانسل رو مال خودت کن! rond irancell ir
spam, بسته ویژه 2گیگابایتی،5000تومان خرید *5# مهلت استفاده تاپایان15تیر
spam, بیش از50%تخفیف مودم های اینترنت نسل4ثابت (TD-LTE) irancell ir
spam, تبريک! 20 امتياز ايرانسلي به دليل استفاده از اپليکشن ايرانسل من به شما تعلق گرفت  فقط تا پايان اين ماه فرصت داريد تا امتيازات خود را ازطريق کد #1*310* و يا از قسمت امتياز من در ايرانسل من به جايزه تبديل کنيد
spam, مشترک گرامي، با افزايش دادن تماسهاي ورودي خود از ساير اپراتورها امتياز ايرانسلي کسب کنيد! اطلاع از امتيازات و تيديل به جايزه از طريق  #1*310* يا اپليکشن ايرانسل من
spam, 60000تومان مکالمه ایرانسلی 30روزه تنها با 6000تومان خرید *4444*1*4# #
spam, بسته شگفت انگیز مکالمه ایرانسلی 20000 تومان اعتبار مکالمه  7 روزه تنها باخریدبسته2000تومانی *4444*1*3#
spam, 40%تخفیف تماس ایرانسلی با جزیره هوشمند ویژه فعالسازی رایگان  با *135*1#
spam, پیشنهادهای داغ ایرانسلی راازدست ندهید یک ساعت مکالمه رایگان ایرانسلی برای یک تماس فعالسازی باشماره گیری *4444*1#
spam, حراج الکترونیکی شماره های رند ایرانسل 930 40000 40 930 2300 555 939 700 600 5 برای شرکت در مزایده به http//rond irancell ir/ مراجعه کنید 
spam, مشترک گرامی، تماس با کیفیت و مقرون به صرفه با مقاصد بین المللی را با ایرانسل تجربه کنید  اطلاع از تعرفه ها در irancell ir
spam, دوست عزیز شما عضو اپلیکیشن ریتم ایرانسل هستید! این اپلیکیشن، دسترسی نامحدود به بیش از ۴۰ هزار قطعه موسیقی را برای شما فراهم آورده است  دانلود نامحدود قطعات موسیقی و امکان ایجاد فهرست موارد منتخب هم از دیگر امکانات ریتم است  لینک دانلود hub-content com/ritm6 apk برای دریافت کد فعالسازی ۲۰۰ را به 738150  ارسال کنید در صورت تمایل به حذف، L را به ۷۳۸۱۵۰ ارسال کنید  پشتیبانی‌۰۲۱۴۱۹۵۷ برگزار کننده بییپ
spam, امکان جدید کارت به کارت و شرکت در قرعه کشی یک میلیاردی در اپلیکیشن آپ دانلود http//app 733 ir/android http//app 733 ir/iOS
spam, 500میلیون تومن جایزه هف هشتادبرای1نفر تافردا هرخریدشارژ از *780# 1شانس
spam, دوباره آسیاتکی شو ! یک ساله فقط 44000تومان تماس 1544  داخلی 3
spam, دانش آموزان دوراندیش  ثبت نام کلاس تابستان آغاز شد!!! برای اطلاع از برنامه کلاس ها  و مشاوره رایگان عدد 1 را ارسال نمایید 
spam, دوستداران برنامه خندوانه، سلام هرشب ارسال پاسخ مسابقه به 30888 با جایزه کارت 5000000 ریالی و جایزه ویژه 250000000 ریالی هر پیامک 150 تومان شرکت در قرعه کشی با ارسال 1 به 30888
spam, با عضویت در سرویس المپیک و کسب امتیاز با پیش‌بینی مسابقات، جزء 10 نفر اول باشید و بدون قرعه کشی1 میلیون تومان برنده شوید  دریافت روزانه2 پیامک حاوی رویدادهای جذاب، هر پیامک 200 تومان عضویت با ارسال 1به 302016
spam, پرطرفدارترین روش آموزش زبان انگلیسی در اوقات فراغت آسان و ارزان ارسال رایگان عدد 1 به 84856 هر پیامک 35 تومان
spam, با سینما زبان آموزش ساده اصطلاحات پرکاربرد زبان انگلیسی را از طریق فیلم های زبان اصلی به همراه ترجمه فارسی تجربه نمایید  Htpp//cinemazaban righter ir
spam, بدون قرعه کشی ایفون هفت برنده شو با شماره گیری *555# شارژ بگیر و برنده شو نحوه ی برنده شدن *555*4#
spam, تماس صوتی و پیامک نا محدود درون شبکه رایتل تنها با پرداخت 5هزار تومان ماهانه  خرید از طریق *142*1*3#
spam, خرید شارژ از *789# پشتیبانی همه روزه تا 1 بامداد حتی ایام تعطیل 02189710
spam, *بانک مهر اقتصاد* یک فرصصت کم نظیر متفاوت ترین طرح پرداخت وام و تسهیلات در سیستم بانکی کشور مشاوره از ساعت8تا20 37262605-9 www mbey ir
spam, اگر میخواهید با تمام دوستان رایتلی خودتان بدون نگرانی در تماس باشید و به اینترنت پرس رعت هم نیاز دارید ما یکی از بسته های نسیم آذرخش یا تندباد را به شما پیشهاد میکنیم  خرید از طریق *142*1*6#
spam, عضو شو برنده شو! 50میلیون ریال جایزه نقدی ویژه مرداد ماه! باارسال700به9090
spam, هدیه شما 600ثانیه مکالمه داخل شبکه تا 17/05/1396می باشد 
spam, در این ماه دوست داشتنی در هر مکالمه درون شبکه 5دقیقه صحبت کنید 55دقیقه بعدی هدیه همراه اول فعالسازی  باارسال عدد 1به8055 و یا شماره گیری *10*421#
spam, انتظاری متفاوت با راینوازهای جذاب سیروان خسروی بهار من   1204764 رسم دنیا   1204770 بارون   1204763 توخیال کردی بری   1204767 فعال‌سازی سرویس راینواز با ارسال ON RBT به 2020 سفارش راینواز ارسال ONفاصله کد آهنگ به 2030 http//rbt rightel ir
spam, شهادت مولای متقیان حضرت علی(ع) را تسلیت می گوییم  با ارسال عدد 110 به 8888 و پرداخت روزانه 110 تومان، در ساخت صحن و شبستانی به نام حضرت فاطمه(س) درجوار حرم مطهر حضرت علی(ع) سهیم شوید  مشارکت بیشتر و پرداخت مبلغ دلخواه با شماره گیری کد *1*888# همراه اول با مشارکت ستاد بازسازی عتبات عالیات
spam, مشترک گرامی اعتبار شما کمتر از 4000 ريال می باشد  شما می توانید از سامانه #1* به راحت ترین روش ممکن نسبت به تهیه شارژ اقدام و در قرعه کشی پژو 206 در پایان هر ماه شرکت نمایید 
spam, شماره‌های ماندگار دوره جدید مزایده شماره‌های رند رایتل با قیمت‌های استثنایی 920-1234-862 920-680-680-3 920-44-66-024 920-520-720-9 920-5173-920 شرکت در مزایده از طریق http//auction rightel ir
spam, بهترین های علی زند وکیلی در آرشیو غنی نرم افزار موسیقی هم آهنگ رایتل بدون نیاز به پرداخت حق اشتراک برای رایتلی ها دانلود نرم افزار از  http//www rightel ir/ham-ahang  با رایتل هم آهنگ شو
spam, لحظاتی شاد با آهنگ‌های منتخب به ‌مناسبت عید سعید فطر در نرم افزار هم آهنگ لینک دسترسی  http//ham-ahang com/6/108800 با رایتل هم آهنگ شو دانلود نرم افزار از طریق http//www rightel ir/ham-ahang
spam, فروش واجاره بهترين لباس هاي تن اول مجلسي بانوان پاساژمسلم بهاربانو
spam, بورسيه تحصيلي امام رضا(ع) شامل  تحصيل رايگان،كمك هزينه تحصيلي،خوابگاه و تغذيه دانشجويي رايگان www imamreza ac ir
spam, فقط تا آخر اسفند ماه با خرید مودم 50% تخفیف + شرکت در قرعه کشی 10 گوشی هوشمند خرید از طریق تماس با شماره 600 از خطوط ایرانسل و 09366000000 از سایر خطوط و یا مراجعه به www Yello ir
spam, جشنواره شارژ رايگان دوستاتو به کلیپو، دنیایی از ویدئوهای جنجالی نوروزی و سرگرم کننده دعوت كن و شارژ رايگان بگير  2 نفر اول 2000 تومان 6 نفرهاي بعدي 6000 تومان شارژ رايگان تا سقف 14000 تومان از روز اول ورودتان، نام شما در قرعه کشی بزرگ نوروزی **100 میلیون تومان کمک هزینه خرید آپارتمان**  ثبت می شود  همين حالا عدد 1 را رايگان به 307525 ارسال كن تا كد دعوتت رو بگيري 
spam, همراه گرامی، سامانه ویدیویی موتوتل با موضوع خودرو و موتورسیکلت، به مناسبت  آغاز سال 1396، برای اولین بار امکان حضور شما را در جشنواره شارژ عیدانه فراهم ساخته است  در صورتی که مالک این خط می باشید، با دعوت از دوستانتان، میتوانید برنده 16000 تومان شارژ رایگان شوید، برای ثبت نام در سامانه 111 را به 307230 ارسال نمایید 
spam, همراه گرامی، سامانه ویدیویی گاراژ دیجیتال، به مناسبت  آغاز سال 1396، برای اولین بار امکان حضور شما را در جشنواره شارژ عیدانه فراهم ساخته است  در صورتی که مالک این خط می باشید، با دعوت از دوستانتان، برنده 16000 تومان شارژ رایگان شوید، برای ثبت نام در سامانه 111 را به 405504 ارسال نمایید 
spam, بانک برنامه و بازی موبایلی اپتوید،۱۰۰۰تومان شارژ رایگان ویژه مکالمات نوروزی به شما هدیه داده ۲۴ساعت فرصت دارید با ارسال ۳ و دریافت اولین محتوا، کد شارژ خود را بگیرید 
spam, نوروز بر شما مبارک با عضویت در سرویس ویدیویی اَپیدو، در هر مرحله از 10000 تا 150000 ریال کد شارژ عیدانه رایگان را به دوستان اعتباری خود،  هدیه بدهید  عضویت فوری با ارسال 1 به 307000 دریافت شارژ و دسترسی نامحدود به سامانه اَپیدو اَپیدو همراه نوروز تو www appido ir
spam, جشنواره شارژ رايگان دوستاتو به دنیایی از بازی های روز جهانی همبازی دعوت كن و شارژ رايگان بگير  2 نفر اول 2000 تومان 6 نفرهاي بعدي 6000 تومان شارژ رايگان تا سقف 14000 تومان از روز اول ورودتان، نام شما در قرعه کشی بزرگ نوروزی **گوشی iphone7**  ثبت می شود  همين حالا عدد 1 را رايگان ارسال كن تا كد دعوتت رو بگيري 
spam, خط شما منتخب دريافت کالا شده 02155663141تماس تا ساعت 17  کد0230
spam, سیمکارتهای صفربا سرشماره دلخواه شما اطلاعات بیشتر در www rondtarin ir و کانال ما t me/rondtarin
spam, ایام شهادت امیرالمومنین تسلیت باد  گزیده آواهای انتظار ویژه شهادت حضرت علی و شبهای قدر 30815 لیله قدر (هلالی) 46869 شب غریبان قدر (هلالی) 64506 مولایم علی (اقتباسی) 64742 مناجات امیر المومنین (سماواتی) 33857 حب علی (گروه تواشیح) 33865 مولا امیرالمومنین (گروه تواشیح) *شنیدن آواها در کانال تلگرام* https//t me/www_mci_ir فعالسازی با ارسال کد آوا به 8989 هزینه فعالسازی 300 تومان
spam, ميلاد حسن(ع) خسرو دين است امشب شادي و سرور مؤمنين است امشب از يمن قدوم مجتبي(ع) طاعت ما مقبول خداوند مبين است امشب  ولادت امام حسن مجتبی(ع)مبارک سلام دوست عزیز خودتان را هر روز به بهترین غزل های حافظ به همراه تعبیر مهمان کنید    نیت کن و فال خودت را ببین عضویت در سرویس با ارسال 601  به 201000
spam, تنهاآموزشگاه رسمي آشپزي وشيريني ايذهكوچه حسينيه اعظم تلفن09169900498
spam, برنده بن خريد 800هزار توماني و يك هديه نفيس شده ايد،دريافت ارسال عدد 1
spam, سلام قرعه کشی سومین فرصت طلایی*خانواده درسا*برگزار شد  برای مشاهده اسامی و شماره برندگان به سایت درسا به نشانی www dorsafamily ir مراجعه کنید  جوایز این مرحله از قرعه کشی یک دستگاه خودرو 206 20 جایزه نقدی10000000ریالی 82 کمد پُر اسباب بازی و 3000 شارژ100000ریالی
spam, مشترک گرامی فقط 4 روز دیگر فرصت دارید شانس خود را در قرعه کشی خردادماه پژو 206 افزایش دهید هرخریداز #1* 1شانس t me/setareaval
spam, تبريک! 1گيگ اينترنت رايگان 7 روزه به شما تعلق گرفت  باقيمانده اعتبار #28*141*
spam, نام نويسي دوره تكميلي بسيج شرايط سن 17 سال  1 سال فعالي مدارك 3عكس،كپي كارت شناسايي،كپي كارت بسيج،كپي آخرين مدرك تحصيلي،معرفي نامه پايگاه الزهراء(آقاي خاني) مهلت ثبت نام تا 18 تير در حوزه بقيه الله
spam, مهلت زماني بسته اينترنت آلفا 7 روزه 800 مگابايت - شبانه شما به پايان رسيد و از اين پس مصرف اينترنت شما با تعرفه 0 3ريال به ازاي هر کيلوبايت ديتا در سايت هاي داخلي منتخب و 0 6 ريال به ازاي هر کيلوبايت ديتا در ساير سايت ها محاسبه خواهد شد  براي خريد بسته کد دستوري #100* را شماره گيري نماييد 
spam, کد وارد شده نامعتبر می باشد جهت دریافت لیست پیشواز برتر 5 را به 7575 ارسال نمایید 
spam, میدونی ذکر هر روز و اعمالش چیه؟؟؟ 2 رو به همین شماره ارسال کن تا هرروز برات بفرستم 
spam, یا من اسمه دوا و ذکره شفا داروهای گیاهی که ناشناخته هستند و اثرات زیادی دارند  رو به همین شماره بفرست تا عضوت کنم    Daru
spam, کد اهنگ 5514151 با نام حلالم کن با موفیقت از فهرست شما حذف گردید 
spam, ALHVI این رو بفرس 505147 تا برات از ناگفته های جنگ بگم
spam, سرویس عبادت شما با موفقیت فعال گردید  جهت لغو سرویس 6 را به 59874 ارسال کنید 
spam, دیگه هیچ جنسی رو گرون نخر!!! قیمت همه اجناس روزمره با ارسال نام محصول به 5218 
spam, 5218 بگیر خودش برمیداره 
spam, آیا میدانستید کنکور رو میشه  آسون کرد؟؟؟ روشهای تست زنی بلدنیستی؟ دانش کافی نداری؟؟؟؟؟ بیا تو کنکورخونه عضو شو!!! یک پیامک خالی به همین شماره ارسال کن 
spam, شما کاربر ویژه شدید 15000 ریال اعتبار مکالمه هدیه فقط تا پایان امروز!!! با ارسال 1 دریافت کنید!
spam, ایران خبر دریافت اخرین اخبار روز جهان  با ارسال 5 به 1978
spam, فرزندت دختره یا پسر؟ 1 دختره 2 پسره عدد رو بفرست تا مسیر موفقیتش بهت نشون بدم 
spam, 350000000000تومان به کارت شما فقط با ارسال 2 و عضویت در دهکده شانس!!!
spam, How are you today? دوس داری انگلیسی یاد بگیری؟ پس منتظرتم بیا ببین عضویت  ارسال 845به 6565844
spam, حسابتو راحت بدون داشتن نرم افزار حسابداری کنترل کن!!! حسابدار رایگان فقط روزانه 5000 ریال ارسال 1 به 2000254
spam, راه پیدا کردن گنج رو میخوای بیا تا بهت بگم !! ارسال 5 به  1900000544 روزانه 2000 ریال!!!
spam, راههای مابرای سلامت وزیبایی شما باارسال  1 به 7
spam, 1رو به 3014 بفرس داره شارژ رایگان میده
spam, سلام میدونی چطور پیامای حذف شده رو برمیگردونن؟ بیا اینجا گام به گام یادت بدم  ارسال 84 به 3015
spam, منم اولش باور نمیکردم یه سرویس باشه به این قدرتمندی که هر چی رو ازش بخوای توی چند دقیقه پیدا کنه و نتیجشو بهت بده تازه اونم بدون اینترنت،تا اینکه     1 رو به 65678 ارسال کن بقیشو بگم
spam, رمز کارتت فراموش کردی؟؟؟یه سری سوالات روانشناسی هست که بهت کمک میکنه یادت بیاد  54 رو بفرست به  5454
spam, مشتری گرامی!باتوجه به پرداخت غیر حضوری هزینه اشتراک خود شما در لیست قرعه کشی یک دستگاه سواری مزدا قرار گرفتید کد قرعه کشی شما65654512
spam, سلام کاروان زیارتی مشهد مقدس هرروزه ثبت نام میکند 7 روزه 280 هزارتومان سوئیت آپارتمان+غذا+سرویس تا حرم مشهدی 09177911234
spam, میخوای 7روزرایگان بری مشهد مقدس اونم تو بهترین هتل +سرویس  تا حرم+غذا پس عجله کن ثبت نام کن ارسال 5050به 204545487
spam, دیگه گرون نخر! از قصابی گرفته تا    من قیمت همه اجناس رو طبق اعلام بازار همون لحظه برات میفرستم فقط کافیه 545 را بفرستی 979845 و کلی به نفعت باشه 
spam, مشترک گرامی!مبلغ 5000 ریال بابت سرویس آهنگ پیشواز شما از حسابتان کسر گردید 
spam, ایرانخودرو کجاها مراکز معتبر داره؟؟؟ 2 رو بفرس بهت بگم  هزینه هر پیام 120 تومان
spam, Sorry!!Error 691! میخوای بدونی خطاهای کامپیوترت دلیلش چیه و چطور رفع میکنن؟؟؟ ارسال 5 به 19000004554
spam, سیم کارت رند همراه اول میخوای!!! برو نمایندگی معتبر همراه اول و توی جزیره طلایی ثبت نام کن!!!
spam, اوووووووووه!!! 300000000000000000میلیون ریال برای یک نفــــــر؟!!!!!!!! چیه شوکه نشین!!! فقط کافیه با5545 عضو بشی!!!
spam, 5 گیگابایت اینترنت رایگان! با ارسال 555 به 555 و عضویت در طرح نقره ای همراه اول!!!
spam, جشنواره بزرگ ایرانسلی ها!!! زود باش 2 رو بفرست به 6868 و توی جشنواره شرکت کن!!!
spam, مرکز خرید نایب،عرضه کننده انواع مواد غذایی،شوینده و     باقیمت مناسب همراه با پیک رایگان!!! تلفن تماس245454555 آدرسشیراز-بلوار رحمت
spam, سرویس (الله) برای شما فعال می باشد،جهت لغو این سرویس کلمه (لغو کن) را به 19887 بفرستید 
spam, برنامه نویسی رو میخوای یاد بگیری؟ 10 رو به 101010 بفرس تا کامل بهت یاد بدم 
spam, یا حبیب من لا حبیب له سرویس حبیب برای شما فعال می شود با ارسال 54 به 5487653212
spam, الف ب ج د ه و ز ح ط           میدونی با حروف ابجد چه کارا میشه کرد؟؟؟ ارسال کلمه ابجد به 2654444
spam, الا یا ایها الساقی ادر کاسا و ناولها ارسال 9 به 99999
spam, از شهدای گمنام چی میدونی؟ چطور شناسایی میشن؟ سنشون چطور تخمین میزنن؟ از گمنام ها بدان با ارسال 5 به 1551
spam, پیامک به صورت زیر ارسال شود 1-نام و نام خانوادگی 2-کدپستی 3-شماره همراه
spam, دیگه نگران نباش!!! افسردگی تموم شد!!! کافه روانشناسی دکتر زر!!! هرروز یک کلید طلایی هر روز فقط 2000 ریال ارسال 987 به 1414
spam, مشاوره انواع بیمه نامه،حوادث اتومبیل شخص ثالث بیمه ایران نمایندگی رحمانیان کد 5564 09177911234
spam, طراحی حرفه ای وب سایت + سامانه پیامکی هدیه  ۰۲۱۶۶۶۶۶۶۶۶ tar-nama com
spam, سلام جشنواره پاییزی گلها شروع شد میدان تجریش،فروشگاه بهار
spam, بورس انواع لباسهای پسرانه کیفیت عالی قیمت مناسب ملایر پاساژ شهر نوروز
spam, خانم های باسلیقه آرایشگاه سروگل شنبه ها با ۲۵% تخفیف میدان قدس
spam, پرداخت وام با شرایط استثنایی ویژه بانوان فقط در هفته کرامت موسسه قرض الحسنه مهر میهن
spam, بزرگترین وارد کننده مصالح ساختمانی مدیریت و تجهیز پروژه های عمرانی شما
spam, کیفیت بالا=قیمت مناسب – فقط 12000تومان – قیمت مناسب با 70% تخفیف – تکنولوژی آلمان – دیتاسنتر ایران – جدیدترین تکنولوژی – بیش از 1۴00نماینده فعال
spam, بهترین را از ما بخواهید ! ۴0%تخفیف پوما در عباس آباد
spam, غذای لذیذ همین نزدیکی ها! رستوران رومینا تحویل رایگان دریافت منو و قیمت ها=ارسال عدد1
spam, تعمیرکامپیوتر شما فقط با یک تلفن در محل شما!
spam, سوپرمارکت دریانی تحویل رایگان سفارش شما یوسف آباد
spam, امروم یکم طول میکشه اما در کل بین 2 تا سه ساعت
spam, راه اندازی سایت شخصی+شرکتی+سازمانی www rondyab ir شرکت رند یاب
spam, ترخیص کالا کمترین قیمت+خدمات الکترونیک ثبت سفارشات در سایت لوکوپارت
spam, استعداد هنری هستید؟ آموزشگاه موسیقی و هنرهای تجسمی نوای تار
spam, اینترنتـ شما اگه …   نیست عوضش کن! برنده کیفیتـ و رضایتمندی مشتری3سال متوالی
spam, مشاورین مسکن هما بهترین مشاوره با ارسال کد فروش=1 رهن= 2 اجاره=3
spam, آسانسور حرکت نصب+راه اندازی+نگهداری انبوه سازان و مدیران ساختمان
spam, آرایش+پیرایش {پخش لوازم و کالای آرایشی و بهداشتی} مطرح ترین برندهای جهان
spam, ۱۰ جلسه کلاس آنلاینه   هر واحد هم ۷۵ تومن
spam, داروخانه2۴ساعته هرآنچه از یک داروخانه توقع دارید! دکتر اسماعیلی
spam, هتل***** هتل آزادی با کادر مجرب پذیرای حضور شما در سفر به شهر اصفهان
spam, تور سفر به 7 کشور اروپا، باقیمت مناسب به همراه، 7 روز اقامت
spam, سلام به تو بستنی مهرام خوش مزه و خوشنام
spam, مشترکین رنگین کمان سرویس های شبانه رایگان به حالت قبل بازگشت  سرویس دو مگابیت از یک تا پنج نیمه شب سرویس هشت مگابیت از پنج تا هفت صبح
spam, زمین۱۰۰۰متری در آبسرد دماوند
spam, شیفته خوراکی های خوشمزه میشوید درفسد فود سند باد
spam, 15000تومان مکالمه ایرانسلی 30روزه تنها با 1500تومان خرید *4444*1*4#
spam, آیا میدونستی با اینترنت چه کارهایی میشه کرد؟؟؟؟؟ 1 رو به 1314 بفرس تا بهت بگم
spam, سریع عضو شو!!! جزیره هوشمند ایرانسلی ها !!!منم اولش باور نمیکردم!! یه پیامک بدون متن به 2000116 فرستادم کلی حیرت انگیز بود برام!توهم امتحان کن!!!
spam, با سلام،سفارش شما  با کد رهگیری 5545124ثبت شد کد رهگیری را به 1544 بفرستید تا بسته شما فعال گردد
